ArtistName,Times
Surf Mesa, 49
Stuff To Blow Your Mind, 1
The Big Fat Indian Ghotala, 1
Drake, 538
Sofi Tukker, 86
Behind The Scenes | Animation, 1
Radiolab, 28
The Real Python Podcast, 12
99% Invisible, 4
BBC Earth Podcast, 2
Science Rules! with Bill Nye, 3
Magoosh IELTS English Vocabulary & Dialogue, 2
Jimmy Durante, 47
The Guess Who, 5
Frank Sinatra, 21
Fred Astaire, 2
Ezra Furman, 235
Cyn, 13
Billie Eilish, 257
Bazzi, 63
Loud Luxury, 34
RL Grime, 1
iMarkkeyz, 1
Daði Freyr, 84
8D Tunes, 12
SAINt JHN, 115
Powfu, 89
Lil Mosey, 24
Dua Lipa, 222
Tones And I, 47
Roddy Ricch, 14
Doja Cat, 21
Justin Bieber, 229
Trevor Daniel, 97
Anne-Marie, 7
Ciara, 1
DJ Khaled, 31
Embrace Of Hedera, 1
Bruno Mars, 21
Ed Sheeran, 324
Unknown Artist, 93
Sachin-Jigar, 2
Yellow Claw, 29
Hamilton Leithauser, 1
Hans Zimmer, 190
Shawn Mendes, 164
Local Natives, 3
bülow, 1
Quinn XCII, 4
Selena Gomez, 94
Alan Walker, 164
K-391, 3
Au/Ra, 1
Steve Aoki, 30
blackbear, 55
Kygo, 73
The Weeknd, 186
Missing Persons, 6
Ashe, 73
Kehlani, 34
Charlie Puth, 85
Camila Cabello, 94
BENEE, 40
Future, 16
Josh Richards, 12
Imagine Dragons, 517
Zedd, 67
Wild Nothing, 15
Regard, 61
Bobby Vinton, 27
Major Lazer, 153
Chip Taylor, 10
Lauv, 95
The Chainsmokers, 731
Emir Can İğrek, 68
Deorro, 22
DJ Snake, 459
Vilde Skogen, 9
Keişan, 4
Post Malone, 845
Gazapizm, 6
Hindia, 11
Khalid, 125
Leon Else, 34
Wiley, 8
Y2K, 49
Taylor Swift, 164
LIL NIX, 5
Anuel AA, 5
Cookiee Kawaii, 14
benny blanco, 64
Ant Saunders, 20
J.J. Cale, 5
Don Diablo, 11
lovelytheband, 13
Sean Paul, 54
Lukas Graham, 13
Skrillex, 79
Lil Nas X, 33
Jai Wolf, 8
Lewis Capaldi, 41
MARINA, 22
Bad Bunny, 38
Lil Kapow, 5
Ariana Grande, 126
Gaho, 10
CNCO, 25
Harry Styles, 222
will.i.am, 6
Diplo, 16
LoveLeo, 6
24kGoldn, 29
Maroon 5, 92
Sam Smith, 68
Demi Lovato, 25
Luis Fonsi, 30
George Ezra, 60
MEDUZA, 15
The New Yorkers, 10
Yofrangel, 7
Chris Brown, 15
Olivia Rodrigo, 12
Twinsmith, 19
2015 Dynamo Hitz, 4
5 Seconds of Summer, 47
KAROL G, 15
Mawar de Jongh, 6
Working for a Nuclear Free City, 37
Erin McCarley, 23
MC Fioti, 14
Donflexxy, 7
Joy Division, 20
Spanker, 14
Martin Garrix, 302
GRLwood, 114
Soulstice, 12
Lukas, 5
UPSAHL, 3
İkiye On Kala, 12
Juice WRLD, 77
SHAED, 15
Naughty Boy, 7
The Game, 3
Dusty Springfield, 8
ZICO, 11
Arizona Zervas, 20
Pop Smoke, 32
Lil Baby, 79
Megan Thee Stallion, 8
Surfaces, 17
Playboi Carti, 10
Raja Kumari, 2
Lil Xxel, 184
Young T & Bugsey, 19
Eslabon Armado, 10
BLIND.SEE, 11
DripReport, 36
Brye, 102
Sleepy Hallow, 51
Rina Sawayama, 6
Joseph Black, 20
Vicetone, 14
Don Toliver, 21
Moe, 37
King Critical, 1
Kari Jobe, 32
Jaah SLT, 11
Topic, 80
Olivia O'Brien, 45
Tyga, 16
Natalie Taylor, 12
Lil Memer, 2
Turbo, 13
Jelani Aryeh, 94
AG Club, 11
Alaina Castillo, 35
Louis The Child, 8
Princess Nokia, 4
Camilo, 2
Joshua Bassett, 64
jxdn, 12
Porte Diferente, 1
Tiagz, 78
BIA, 1
Thomas Rhett, 107
G Herbo, 1
Madison Beer, 3
Peach Tree Rascals, 76
NLE Choppa, 3
The Kid LAROI, 10
Headass, 1
Rex Orange County, 1
Panic! At The Disco, 4
Lady Gaga, 49
Mabel, 16
Charlotte Lawrence, 1
Niall Horan, 4
Louis Tomlinson, 2
Christian French, 1
HRVY, 1
Labrinth, 3
Verzache, 1
Sabrina Carpenter, 1
Jack & Jack, 1
Robin Schulz, 5
PRETTYMUCH, 2
Tate McRae, 6
Liam Payne, 2
mxmtoon, 1
Dominic Fike, 1
Lil Tecca, 10
PLVTINUM, 1
Ava Max, 16
Ruel, 1
JAWNY, 1
Jeremy Zucker, 19
Tory Lanez, 1
Bea Miller, 8
SAYGRACE, 6
Ali Gatie, 1
Lennon Stella, 4
Katy Perry, 26
Mae Muller, 1
Katja Krasavice, 1
Vantage, 6
Los Dos Carnales, 3
Koe Wetzel, 1
Twenty One Pilots, 882
Melanie Martinez, 58
645AR, 1
Alexander 23, 109
Lewis Brice, 9
Bryson Tiller, 6
Elevation Worship, 12
Kylie Morgan, 5
The Alan Parsons Project, 1
JP Saxe, 2
Rezz, 6
Kenny Elrod, 10
Barlito, 40
JoeVille, 11
StaySolidRocky, 13
Jawsh 685, 33
Molchat Doma, 21
THE SCOTTS, 4
LPB Poody, 2
Blu DeTiger, 10
L'Trimm, 6
DaBaby, 26
Dr. Sus, 39
6ix9ine, 13
Eminem, 121
Karma, 1
Kasbo, 1
Sayuri, 1
Banda MS de Sergio Lizárraga, 2
MarMar Oso, 2
Khruangbin, 5
Young Dolph, 1
BMW KENNY, 6
Machine Gun Kelly, 13
Luke Combs, 9
rum.gold, 77
Niack, 3
Weird Genius, 9
Honey Jemlan, 4
ROSALÍA, 20
Caleb Hawley, 8
Logic, 94
Gotye, 124
Macklemore, 7
David Guetta, 77
~my favs~, 1
James Arthur, 125
XXXTENTACION, 403
Mike Posner, 32
Kendrick Lamar, 37
Lil Uzi Vert, 11
John Legend, 12
Queen, 36
French Montana, 6
Sia, 45
Marshmello, 62
Hozier, 13
Mark Ronson, 35
Passenger, 12
Justin Timberlake, 3
OMI, 5
Calvin Harris, 193
Avicii, 189
Cardi B, 46
Adele, 25
Fifth Harmony, 5
Wiz Khalifa, 71
Macklemore & Ryan Lewis, 9
OneRepublic, 10
Halsey, 30
Travis Scott, 94
Clean Bandit, 78
ZAYN, 22
J Balvin, 25
Rihanna, 25
Vance Joy, 88
Danny Ocean, 6
gnash, 11
Stereo Avenue, 11
Desiigner, 14
Ellie Goulding, 63
G-Eazy, 4
Zara Larsson, 28
Jack Ü, 150
Hailee Steinfeld, 27
Jonas Blue, 45
Jason Derulo, 16
Fetty Wap, 3
Mariah Carey, 8
Bebe Rexha, 9
Pharrell Williams, 5
Portugal. The Man, 9
Starley, 3
Jessie J, 4
Bastille, 8
Lilly Wood and The Prick, 3
Halfway there, 1
Jon Bellion, 97
MAGIC!, 11
WALK THE MOON, 13
Galantis, 42
Mike Perry, 6
Flo Rida, 28
Pitbull, 7
Coldplay, 20
Cheat Codes, 25
Kungs, 5
Mr. Probz, 5
Meghan Trainor, 9
Nico & Vinz, 49
Rae Sremmurd, 6
Lorde, 13
Nicky Jam, 8
R. City, 15
Lil Dicky, 1
Chelsea Cutler, 7
KSI, 4
Kyle Dixon & Michael Stein, 20
Cayetana, 15
ILLENIUM, 50
OTR, 8
BAD CHILD, 16
Ages and Ages, 11
Chaz Cardigan, 3
Hanne Mjøen, 6
Lola Marsh, 6
The New Respects, 7
Hey Violet, 19
Hawk, 1
Alessia Cara, 48
Creedence Clearwater Revival, 4
21 Savage, 1
Kenneth Whalum, 5
Kosine, 11
Terrian, 4
Zaeden, 3
Troye Sivan, 4
Arijit Singh, 34
Ankur Tewari, 6
K.Flay, 67
X Ambassadors, 36
Lana Del Rey, 11
AWOLNATION, 6
Red Hot Chili Peppers, 40
Snoop Dogg, 14
The Script, 14
The Rolling Stones, 32
Linkin Park, 25
A Great Big World, 52
Naeleck, 4
Skylar Grey, 2
Lil Wayne, 6
Trevor Jones, 1
The Red Army Choir, 1
Corey Hart, 2
Vincenzo Salvia, 1
Hurricane Express, 1
New Order, 25
TOTO, 4
The Clash, 9
Television, 1
The Smiths, 2
Josh Gad, 6
Will Smith, 11
Mishaal, 1
RudeLies, 4
Jonas Brothers, 2
Siddharth Virkar, 3
DIVINE, 8
Nitesh, 3
Weezer, 1
Mob Rich, 1
Sirav Salu, 4
Pritam, 16
Tyla Yaweh, 13
Everybody Loves an Outlaw, 6
Curtis Waters, 36
Sam Grow, 1
Michele Morrone, 5
BeatKing, 4
Zoe Wees, 13
Rasster, 41
Chloe x Halle, 4
Jordan Suaste, 4
Juanfran, 2
Cochise, 2
Conkarah, 4
Carin Leon, 1
Polo G, 1
iann dior, 3
Iyaz, 1
TWICE, 1
S1mba, 3
Lil Yachty, 1
Dirty Streets, 7
San Holo, 3
Frankie Knuckles, 8
Lisa Gerrard, 23
Flux Pavilion, 23
Alice DJ, 1
Porter Robinson, 6
deadmau5, 15
Blue, 1
Tre Vibez, 1
KBFR, 2
Jack Harlow, 7
Jayda G, 29
Monte Booker, 1
Lux Thugs, 3
Dave, 7
Nathan Dawe, 6
Dave Porter, 107
Breaking Bad, 14
Rodrigo y Gabriela, 19
Mick Harvey, 3
Clyde McPhatter, 5
Ticklah, 1
Darondo, 2
Fujiya & Miyagi, 1
The Silver Seas, 3
Gnarls Barkley, 1
Apparat, 43
The Walkmen, 1
Delaney Jane, 1
Favourite Playlist, 4
The Teeta, 1
Heisenberg & The Albuquerque Kingpins, 1
Rain Radiance, 1
Study Radiance, 2
kirito, 1
Ramin Djawadi, 153
Tina Guo, 6
Jeet Gannguli, 8
Grizzly Bear, 1
Jon & Robin, 1
Bob Bradley, 1
Shura, 1
Pretty Lights, 15
The Outlaws, 1
Bob James, 1
SZA, 55
PUBLIC, 7
Amit Trivedi, 3
Ritviz, 85
Tanishk Bagchi, 1
Badshah, 2
Jasmine Sandlas, 1
Akhil, 1
Rochak Kohli, 1
Payal Dev, 1
Ajey Nagar (CarryMinati), 1
Vishal Mishra, 1
Sidhu Moose Wala,Amrit Maan, 2
Alka Yagnik, 3
BTS, 28
Sachet Tandon, 1
BLACKPINK, 37
Imany, 8
London Music Works, 1
Gryffin, 35
Bora York, 3
Dillon Francis, 85
Matthew E. White, 5
Anteros, 3
Confidence Man, 24
OYSTER KIDS, 2
Four Mints, 2
Sarah Jaffe, 2
Viigo, 2
Girls Names, 3
Matthew Dear, 16
Anna of the North, 19
Many Voices Speak, 3
The Pains Of Being Pure At Heart, 1
Tears For Fears, 2
TENDER, 1
GASHI, 2
Jauz, 2
Mercer, 2
Higher Brothers, 2
Anuv Jain, 2
Brxndead, 1
Prateek Kuhad, 9
Switchers, 2
Anthony Lazaro, 1
Blood Orange, 40
Eurythmics, 6
Michael Sembello, 6
a-ha, 3
Kenny Loggins, 1
Dermot Kennedy, 7
LANY, 6
ReN, 1
girl in red, 1
Reece, 1
Qhairo, 1
JORDY, 5
Aya Nakamura, 1
Armaan Malik, 1
HONNE, 2
Violette Wautier, 1
Nikhil D'Souza, 1
Parekh & Singh, 6
The Yellow Diary, 1
The Local Train, 2
Amy Cooper, 2
Sanskari Sex, 1
the Birdy Num Num Podcast, 2
13 Minutes to the Moon, 2
Conan O’Brien Needs A Friend, 5
Real Life Ghost Stories, 2
Dirty South, 16
Joel Corry, 43
Paul Woolford, 8
Disclosure, 24
R3HAB, 6
Aluna, 13
Ennio Morricone, 10
Max Richter, 8
John Williams, 5
James Newton Howard, 12
TED Talks Daily, 4
Meek Mill, 8
Anu Malik, 6
Nucleya, 18
Krewella, 1
Kavita Seth, 1
Nitin Sawhney, 1
Sidhu Moose Wala, 3
Bohemia, 1
Kimbra, 3
Imad Royal, 12
Elohim, 1
Thutmose, 2
CVBZ, 1
Whethan, 1
Raftaar, 1
Emiway Bantai, 1
PS1, 2
Stace Cadet, 2
Karen Harding, 1
The Strike, 8
Baauer, 1
Lil Vinceyy, 1
Sech, 2
The Black Seeds, 1
Timber Timbre, 1
Beastie Boys, 1
Apollo Sunshine, 1
Whitey, 1
Hank Schrader, 1
Walter Wanderley, 1
Nat King Cole, 12
Barry Mann, 10
The Beatles, 55
SCANDAL, 1
Nirvana, 8
The Cure, 1
Freddie Mercury, 3
Promoting Sounds, 2
Problem, 1
Jack Jones, 1
Johnny Depp, 1
Johnny Cash, 1
Kajagoogoo, 1
One Direction, 10
Shaun Reynolds, 3
Carly Rae Jepsen, 4
A$AP Rocky, 10
Kings of Leon, 2
Sam Hunt, 7
Rita Ora, 5
J. Cole, 7
Dynoro, 49
The Count, 2
Thomas Newman, 5
Chace, 1
Bob Marley & The Wailers, 1
Craig David, 2
Sigala, 12
Digital Farm Animals, 1
Matoma, 1
OFFAIAH, 1
MØ, 6
TIEKS, 1
Tom Zanetti, 1
Snakehips, 1
FRENSHIP, 3
Chase & Status, 1
John Gibbons, 1
Jax Jones, 5
Ryan Riback, 1
Kideko, 1
Tinie Tempah, 1
MK, 1
Disciples, 2
Rochelle, 1
Gavin James, 1
Imani Williams, 1
Barrie, 1
Nightmare, 5
Eminence Symphony Orchestra, 3
Anime Kei, 71
daigoro789, 1
S.O.S.JP, 1
Alycium, 23
Damien Stylez, 1
Kyla La Grange, 1
Alex Ebert, 1
The Limeliters, 5
TV On The Radio, 1
Mohammed Irfan, 1
Harshdeep Kaur, 1
Party Pupils, 1
Claire Rosinkranz, 134
ppcocaine, 13
NextYoungin, 11
Tai Verdes, 5
Salatiel, 2
Avenue Beat, 19
JVLA, 9
CMTEN, 2
Royal & the Serpent, 9
Griffin Oskar, 1
fun., 6
Lost Frequencies, 13
Lynyrd Skynyrd, 3
Miley Cyrus, 13
Natti Natasha, 6
The White Stripes, 7
KYLE, 2
The Killers, 2
Foster The People, 3
MKTO, 2
Kiiara, 3
James Bay, 1
zenorachi, 4
Hwa Sa, 22
Glass Animals, 75
Vibe2Vibe, 3
Arctic Monkeys, 4
Enrique Iglesias, 7
Shelley FKA DRAM, 2
Gorillaz, 1
Train, 1
Big Sean, 7
Kanye West, 7
System Of A Down, 2
Pedro Capó, 2
Rudimental, 5
The Animals, 4
Shakira, 4
Beyoncé, 4
Martin Jensen, 21
Felix Jaehn, 4
Jason Mraz, 3
NF, 2
Julia Michaels, 3
Maluma, 11
Lunay, 1
Outkast, 2
Migos, 3
Childish Gambino, 8
JAY-Z, 14
Lil Pump, 1
Fall Out Boy, 6
Stellar, 6
Nate Smith, 7
YN Jay, 2
Abigail Barlow, 3
Flume, 4
M83, 2
Radiohead, 2
Led Zeppelin, 6
Tame Impala, 1
The Police, 2
Zion & Lennox, 3
Paulo Londra, 1
Wisin, 3
Axwell /\ Ingrosso, 5
Sheck Wes, 2
P!nk, 3
Birdy, 1
Lizzo, 1
Alok, 4
Edward Sharpe & The Magnetic Zeros, 4
Offset, 4
Eagles, 1
Of Monsters and Men, 2
Icona Pop, 7
BlocBoy JB, 1
Milky Chance, 2
Whitney Houston, 3
Maejor, 1
Dan + Shay, 3
AC/DC, 17
Guns N' Roses, 1
Joel Adams, 1
Christina Perri, 1
Becky G, 3
Nbhd Nick, 1
Ace Uzumakii, 1
Internet Money, 12
Dim Chris, 1
Ricky Montgomery, 43
Saweetie, 6
Tainy, 7
Ritt Momney, 6
Sara Kays, 1
The Band CAMINO, 1
Mulatto, 1
Conan Gray, 34
Erica Banks, 2
XIX, 1
100 gecs, 1
BØRNS, 1
Nessa Barrett, 1
Lecrae, 1
MC Rogerinho, 1
Didomido, 12
Rey Mbayang, 1
Sista Prod, 85
Jessi, 1
オレンジスパイニクラブ, 1
HYO, 5
JACKBOYS, 3
Morgan Wallen, 4
Gunna, 1
Sophia Atwood, 3
PARTYNEXTDOOR, 3
salem ilese, 5
Peachy!, 1
Like, 1
Priscilla Block, 1
BRS Kash, 3
RBD, 3
Ozuna, 4
Quinn Dorian, 2
Jackson Wang, 27
Diljit Dosanjh, 1
Jass Manak, 1
Kina, 5
Vilen, 1
MAX, 4
Swae Lee, 2
Joji, 2
Blackway, 6
Nicki Minaj, 47
Aminé, 6
Eden Mary, 1
Sada Baby, 1
Coyote Theory, 2
Ashnikko, 7
Ty Dolla $ign, 4
Dog Blood, 1
ZHU x Skrillex x THEY., 1
Lucas & Steve, 2
Ben Böhmer, 2
Skinny Days, 78
Wahlstedt, 1
Raaban, 1
Oliver Heldens, 2
Kito, 4
Blinkie, 4
Bruno Martini, 2
Liu, 2
EDX, 2
Survivor, 2
R.E.M., 3
Journey, 2
GATTÜSO, 1
Timmy Trumpet, 5
Imanbek, 4
Petit Biscuit, 2
Ytram, 37
Swedish House Mafia, 35
Christina Aguilera, 1
TSHA, 1
Sam Feldt, 4
Spice Girls, 13
Python Course, 1
Tom Walker, 6
A Boogie Wit da Hoodie, 1
Chance the Rapper, 1
Kinneret, 2
Robyn Ottolini, 4
Millie B, 6
WhoHeem, 1
JVKE, 9
Julie and the Phantoms Cast, 1
CHROMANCE, 9
blink-182, 3
Becky Hill, 2
AJ Tracey, 1
Dimitri Vegas & Like Mike, 7
John Mayer, 7
Wham!, 3
AJR, 2
Marvin Gaye, 1
The Neighbourhood, 1
Snow Patrol, 3
Shaggy, 1
Smash Mouth, 1
Piso 21, 1
Daft Punk, 3
Wee-o, 1
Mavle Mob, 1
Denez Prigent, 1
The Vamps, 2
Feby Putri, 2
Gary Glitter, 5
TheFatRat, 6
Stevie Wonder, 1
ITZY, 1
Chris Burke, 1
Elon “EDM” Musk, 1
Elon Musk Pod, 7
Elon Musk Getting Interviewed, 43
Yo Yo Honey Singh, 1
Robbie Doherty, 31
Gorgon City, 2
Seeb, 47
Kilder, 1
Punctual, 7
Summer Walker, 1
Todrick Hall, 2
Sigrid, 30
Redfoo, 1
Tiko, 22
James Hersey, 1
Chintya Gabriella, 2
AUDREY NUNA, 4
Oliver Tree, 2
Alesso, 7
Kodak Black, 7
The Watch, 4
Jaymes Young, 2
Idina Menzel, 5
CORPSE, 24
Mario Judah, 11
Kenndog, 11
PawPaw Rod, 3
CJ, 7
Fousheé, 30
Sir Chloe, 1
Arcade Player, 1
Octavian, 2
Vedo, 1
HVME, 69
Andrew Jannakos, 5
Angel Perez, 1
Clairo, 39
347aidan, 83
ReoNa, 1
YOASOBI, 12
BLOOM VASE, 2
もさを。, 2
Fleetwood Mac, 1
Money Man, 1
Lilo Key, 1
PattyCake, 3
LMB DG, 1
Little Nell, 1
John Carpenter, 1
遠野高志, 3
Screamin' Jay Hawkins, 1
Bobby "Boris" Pickett, 5
Andrew Gold, 1
Sheb Wooley, 1
NCT U, 1
Essance of Ashes, 1
Kane Brown, 4
The Lumineers, 2
The xx, 1
Guru Randhawa, 1
Shashi, 1
Darshan Raval, 1
Alec Benjamin, 32
Cypis, 2
Paris Boy, 1
Anneth, 2
LEE SUHYUN, 1
Red Velvet, 1
Lyn Lapid, 4
Yung Bleu, 1
emir taha, 1
Larray, 1
Fumez The Engineer, 1
Tobu, 1
The Python Podcast.__init__, 1
Teaching Python, 2
TK from Ling tosite sigure, 88
NateWantsToBattle, 1
AmaLee, 3
Jonathan Young, 1
Lizz Robinett, 1
Teriyaki Boyz, 1
Österreich, 2
Cö Shu Nie, 3
People In The Box, 37
QUEEN BEE, 3
Gus Dapperton, 30
Mr Eazi, 1
Jus Now, 1
Tropkillaz, 1
Cashmere Cat, 1
Agnes Obel, 53
Daniel Jang, 9
David Arnold, 5
John Paesano, 1
Steven Price, 4
The Chamber Orchestra Of London, 1
League of Legends, 1
Conor Maynard, 2
Too $hort, 1
Pantera, 1
V0RA, 3
Fukkk Offf, 4
Dr. Dre, 4
The Goo Goo Dolls, 1
Brenda Lee, 1
Camb, 2
wolfi, 23
Ernest Noah, 2
Kristina Issa, 1
Johnny Orlando, 6
Guitar Tribute Players, 1
Sing2Guitar, 3
The O'Neill Brothers Group, 1
Mattias Krantz, 2
Leon Alex, 1
Sandesh Motwani, 1
Hardwell, 4
Hildur Guðnadóttir, 83
Harrdy Sandhu, 1
Realkdmusic, 1
Ray Davies and His Button Down Brass, 3
Andreas Stock, 2
Lawrence Welk, 1
Tomasz Kowalczyk, 1
Raphaël Novarina, 2
Jóhann Jóhannsson, 22
Nicholas Yee, 3
Sääftig, 1
Studio Killers, 2
Miki Matsubara, 6
Flow La Movie, 1
Petter Ferraz, 1
Frances Forever, 5
Tuğkan, 1
Popp Hunna, 1
Penelope Scott, 3
Michael Bublé, 2
Sebastian Yatra, 1
Bknott, 2
Bobby Blaque, 1
Fabz Pi, 1
B. Chaps, 1
Kelly Clarkson, 1
Germanybadd, 1
Astrid S, 7
BANNERS, 2
John Summit, 28
twocolors, 4
Tony Igy, 1
Alison Wonderland, 8
Future Class, 1
DubVision, 1
Steff da Campo, 1
Mesto, 4
Ally Brooke, 9
Nick Bateman, 1
Anthony Keyrouz, 1
ARMNHMR, 2
Forester, 4
Breathe Carolina, 3
Ekali, 1
James Blake, 2
Welshy, 2
Faithless, 1
Galwaro, 1
Goldmund, 2
Simply Three, 2
2CELLOS, 42
Christine Brown, 1
Pieter Anø, 1
Helios, 1
Lindsey Stirling, 8
Muddy Waters, 1
Ann Peebles, 1
Go West, 1
Gwenno, 1
King Khan, 1
Geek Music, 1
Bay City Rollers, 1
David Gray, 1
Sam & Dave, 2
Gerard Way, 2
DJ Shadow, 1
Woodkid, 1
Backstreet Boys, 2
Tony Joe White, 2
Aretha Franklin, 2
Parra for Cuva, 1
Gin Wigmore, 1
Sam Cooke, 2
Public Image Ltd., 1
Butthole Surfers, 1
The Stranglers, 1
Peter Schilling, 1
Maxine Nightingale, 1
Morcheeba, 1
Armin van Buuren, 16
Chris Lake, 1
Pendulum, 5
Channel Tres, 1
Bicep, 1
Nea, 1
Mark Knight, 2
Tchami, 1
220 KID, 7
Boye & Sigvardt, 1
Tungevaag, 2
Shaun Dean, 2
Endor, 2
F4ST, 2
Maverick Sabre, 1
Toby Green, 1
Yves V, 1
Raven & Kreyn, 1
Leandro Da Silva, 9
Silk City, 1
i_o, 1
NERVO, 3
Tujamo, 1
AlunaGeorge, 1
Ella Henderson, 2
White Noise Radiance, 1
Trent Reznor and Atticus Ross, 126
Mac Quayle, 120
Ctznshp, 1
MSTRKRFT, 1
Neil Diamond, 1
Wang Chung, 1
Orchestra Di Padova E Del Veneto & Peter Maag, 1
Alabama Shakes, 1
Aerosmith, 1
Jaden, 1
Duckwrth, 1
Ski Mask The Slump God, 1
Beau Young Prince, 2
Plot Twist, 1
Stomper, 1
Cher, 1
Benny Benassi, 1
FHONO, 72
Nadia Ali, 4
Nicky Romero, 4
RÜFÜS DU SOL, 12
Alexandra Stan, 1
Above & Beyond, 3
Kid Cudi, 2
Cavetown, 1
slenderbodies, 1
Machine Learning Guide, 21
A-Trak, 2
Lil Debbie, 1
Connie Francis, 1
Serena Isioma, 1
Hotel Ugly, 1
Sam Palladio, 1
Masego, 2
Strawberry Guy, 1
Drew Green, 1
The Longest Johns, 25
ShoBeatz, 1
Wilbur Soot, 5
NIKI, 1
Discovery, 1
The Universe with Me, 2
Physics World Weekly Podcast, 2
DeepMind: The Podcast, 12
Moguai, 4
M.O, 1
Alexander Rybak, 3
Wolfgang Amadeus Mozart, 1
Giovanni Battista Vitali, 1
Felix Mendelssohn, 2
Tracy Beats, 1
Klaus Badelt, 4
Alan Silvestri, 12
Alexandre Desplat, 142
Michael Giacchino, 70
Ludwig Goransson, 92
Jeff Russo, 15
Henry Jackman, 2
John Ottman, 16
Brian Tyler, 12
Jon Batiste, 1
PAX, 1
Duck Sauce, 1
Nina Simone, 1
Annie Lennox, 2
Richard Spaven, 1
Rachel Portman, 1
Michael Kamen, 1
Steve Jablonsky, 1
AREA21, 1
Jay Hardway, 1
Allie Sherlock, 11
Lil Peep, 3
Noah Cyrus, 1
Rich Brian, 1
Daddy Yankee, 1
Voidoid, 2
The Humorist, 1
Early '50s recording by Cowboy Timmy, 1
Lele Pons, 1
Johann Sebastian Bach, 3
L'Orchestra Cinematique, 45
Movie Sounds Unlimited, 1
Orlando Pops Orchestra, 1
Pokémon, 1
John Barry Orchestra, 7
Spongebob Squarepants, 1
Bill Conti, 1
Nstens1117, 1
Harry James and His Orchestra, Vocals by Kitty Kallen, 1
The Go-Go's, 1
Daniel Pemberton, 15
Vince Staples, 1
Danny Elfman, 1
Blake Neely, 3
Gary Clark Jr., 2
Sean Callery, 1
Mark Mothersbaugh, 11
The London Pops Orchestra & West End Singers, 2
Science Vs, 2
The Origins Podcast with Lawrence Krauss, 1
Dimitri Vangelis & Wyman, 3
CAZZETTE, 2
Nero, 2
Michael Calfan, 2
ODESZA, 3
Mat Zo, 3
Otto Knows, 2
Kaskade, 5
Julian Cross, 2
Sandro Silva, 5
CamelPhat, 5
Rossy, 1
Dixie D’Amelio, 1
Curtis Lee, 8
The Chiffons, 2
The Big Bopper, 2
The Drifters, 5
Dion & The Belmonts, 1
The Miracles, 1
The Everly Brothers, 3
Kalin Twins, 1
Dada Life, 2
FISHER, 8
Woodii, 3
ZHU, 3
Ivan Gough, 2
Curtis Lowe, 2
Yeah Yeah Yeahs, 1
PARAFRAME, 4
Sebastian Ingrosso, 5
gofy, 1
Oceanlab, 1
Bassnectar, 1
Knife Party, 2
HateBerry, 2
Fabian Mazur, 1
Aqualung, 2
Bon Iver, 1
Feist, 4
Afrojack, 2
Tiësto, 7
INZO, 32
Sasha Sloan, 22
Madeon, 1
Villiam, 1
NOTD, 4
Little Mix, 1
Rupert Gregson-Williams, 1
Goodwill, 1
Arlette Leduc, 1
Månvarv, 4
Stuff You Should Know, 6
Getting Curious with Jonathan Van Ness, 1
Math & Physics Podcast, 1
Physics World Stories Podcast, 4
Lost Kings, 1
DVBBS, 1
Duncan Laurence, 2
Jadu Jadu, 1
Gaullin, 1
Wallows, 2
Blonde Redhead, 25
Rick and Morty, 58
FawcettFresh, 2
Issam Alnajjar, 38
Duomo, 5
Yung Baby Tate, 2
carolesdaughter, 2
Kim Dracula, 2
Bailey Bryan, 2
Sean Dagher, 1
Masked Wolf, 7
KAI, 2
SpotemGottem, 3
Nena, 4
Dove Cameron, 4
John K, 2
Bankrol Hayden, 2
VINAI, 3
HUGEL, 3
Jubël, 2
YNW Melly, 2
YFN Lucci, 2
Tom Gregory, 1
NEFFEX, 1
Teamheadkick, 1
All Time Low, 1
David Puentez, 1
FLETCHER, 2
Sonny Fodera, 1
Miura Jam, 1
Young the Giant, 1
MOB CHOIR, 3
ALL OFF, 1
Megami33, 1
4rnsavi, 1
Rifti Beats, 3
Fat Joe, 4
Alonestar, 1
RADWIMPS, 304
Deep Sleep Sounds, 1
The Daily, 2
Data Science at Home, 1
Up First, 1
Making Sense with Sam Harris, 1
Data Skeptic, 1
Dino James, 1
Top$ide, 1
THEDETSTRIKE, 2
Nathan Evans, 25
TELYKast, 1
SG Lewis, 1
Yuji Nomi, 52
Streaming Music Studios, 1
John Denver, 1
Speak Better English with Harry, 1
The Stack Overflow Podcast, 1
Maurizio Mastrini, 3
Dario Solaire, 2
Kylie Minogue, 3
Maren Morris, 2
amazarashi, 2
Gareth Coker, 4
Christopher Larkin, 23
Philip Glass, 1
N.E.R.D, 1
Sirusho, 1
The Macarons Project, 5
Leah Nobel, 1
The Greeting Committee, 4
Suzi Wu, 3
Black Match, 1
Emmit Fenn, 1
StarTalk Radio, 1
Metro Boomin, 1
VIZE, 2
Eve, 51
Porridge Radio, 2
Thirty Seconds To Mars, 3
Vitamin String Quartet, 2
Ofenbach, 1
My Chemical Romance, 1
Taio Cruz, 1
ATB, 5
Riton, 10
JESSIA, 2
Reyanna Maria, 2
Kardinal Offishall, 1
Eduardo Luzquiños, 2
Grover Washington, Jr., 1
ElyOtto, 3
OBE Boog, 1
DUSTY LOCANE, 2
Kali, 1
Mooski, 2
Pooh Shiesty, 4
Ryn Weaver, 1
Obzesion, 1
Eyedress, 1
Tiera, 1
FINMAR, 1
Dayglow, 1
The Wombats, 1
HL Wave, 1
Jhay Cortez, 1
Sam Fischer, 3
Adventurer, 2
Kiroro, 1
DREAMS COME TRUE, 1
Official HIGE DANdism, 9
Nordex, 1
Olivia Newton-John, 16
Yoh kamiyama, 5
ewe, 4
TUYU, 4
呪術廻戦 じゅじゅとーく, 2
Mafumafu, 3
Park Bird, 1
Ben E. King, 1
Rachel Platten, 1
dj-Jo, 1
PelleK, 2
Omoinotake, 1
Lil Tjay, 2
Matt Cab, 2
Ado, 9
Mido Gad, 1
CHUNG HA, 2
Leat'eq, 4
優里, 5
LiSA, 3
Masaki Suda, 1
Awesome City Club, 2
HIRAIDAI, 1
Black Eyed Peas, 10
Sean Kingston, 2
Kesha, 2
Víkingur Ólafsson, 1
deadman 死人, 2
Izumi Makura, 7
Claude Debussy, 2
Maria Theresia von Paradis, 1
DAOKO, 1
Mrs. GREEN APPLE, 1
J.K. Simmons, 7
Hank Levy, 3
Justin Hurwitz, 20
John Wasson, 5
FireWithDankTunes, 3
Luke Gaul, 1
Purple Disco Machine, 3
Tokyo Machine, 1
KSHMR, 1
Route 94, 1
Tim Simonec, 2
The AnimeTM Show, 1
Wallace Collection, 4
Gabriel Fauré, 5
Erik Satie, 15
Buddy Holly, 5
Gunter Kallmann Choir, 1
The Chordettes, 7
Julia Andersson, 1
Vincenzo Bellini, 3
The Ink Spots, 1
Pixies, 14
Pierre Van Dormael, 4
Otis Redding, 3
Miavono, 1
Kali Uchis, 3
Jhené Aiko, 4
Maha Bharat with Dhruv Rathee, 2
Sadhguru, 1
Shinsei Kamattechan, 53
Raico, 13
Linked Horizon, 5
Yoshiki, 1
cinema staff, 1
Toshio Hirotaka, 1
ACN Music., 1
KANA-BOON, 2
Ikimonogakari, 3
Anly, 1
RMaster, 1
Harajuku Nation, 1
Muray, 1
Japan Daisuki, 1
Bird Of Pray, 1
Junichi Sakamoto, 2
ANISON PROJECT, 2
Lars Sorensen, 1
7!!, 1
kyo-1, 1
FLOW, 2
Motohiro Hata, 1
Elly Mangat, RBS, 1
Anna Luna, 1
Dead Bachelors, 1
Best Guitar Music, 2
kostromin, 63
Ernest Chausson, 1
HYOJUNG, 2
tacica, 1
Trondheim Voices, 1
Patrick Carney, 29
Chatmonchy, 2
Kodaline, 1
Otnicka, 1
Alec Bailey, 23
Cecilia Krull, 8
Teho Teardo, 3
H.E.R., 3
The Internet Said So, 1
No New Notifications from Kanan & Manek, 2
The Anime Podcast, 4
Ddark, 1
AREZRA, 16
graves, 2
Revelries, 17
Baila Curry, 7
Saxena, 4
Puri, 1
Roast Pang, 1
Epik High, 3
Dhee, 1
Pamungkas, 5
gigi, 3
Yameii Online, 12
Clinton Kane, 2
Yung Bae, 1
Hippie Sabotage, 1
Badflower, 1
Grouplove, 26
ROSÉ, 1
TBeatz, 1
bearbare, 6
Alle Farben, 1
Dan Levy, 2
Munn, 1
THE WLDLFE, 2
Crooked Colours, 2
Nick Jonas, 2
Donny, 1
Chaos Chaos, 1
Stuff, 2
Miyuki Watanabe, 1
Echo & the Bunnymen, 2
Cynthia Erivo, 1
Destiny Rogers, 1
Brave Girls, 1
Th CDM, 1
Kailas, 1
Parry Sidhu, 1
Pink Sweat$, 2
VIBIE, 2
Jubin Nautiyal, 1
Karan Das, 1
Ямаджи, 12
Max Barskih, 1
SLAVA MARLOW, 1
MORGENSHTERN, 1
JAMIK, 1
SEEMEE, 1
uglystephan, 1
Rakhim, 1
Rilès, 1
Blind Channel, 2
Jimi Hendrix, 1
Lone Tusker, 3
Gene Austin, 11
Tom Waits, 3
Colman, 1
Nick Cave & The Bad Seeds, 8
Foxlane, 1
Nick Cave & Warren Ellis, 2
Anna Calvi, 1
Black Rebel Motorcycle Club, 1
PJ Harvey, 1
Capital Cities, 1
The Verve, 1
Atticus Ross, 3
George Thorogood & The Destroyers, 2
bbno$, 2
Chuck Berry, 1
James Horner, 2
London Philharmonic Orchestra, 1
Andra Day, 2
Umberto Tozzi, 1
Giorgio Moroder, 1
Renée Fleming, 5
Georges Delerue, 1
Will Ferrell, 2
Willie Watson & Tim Blake Nelson, 1
Sampha, 1
Vangelis, 1
Dave Grusin, 2
Madeleine Peyroux, 1
Mychael Danna, 22
The Arthouses, 2
Lang Lang, 2
Harald Kloser, 1
Graeme Revell, 1
The Orb, 1
English Chamber Orchestra, 2
John Addison, 1
Dario Marianelli, 1
Gustavo Santaolalla, 2
Eatvictor., 2
Miguel, 1
Celeste, 1
Laura Pausini, 1
Adam Levine, 1
Auli'i Cravalho, 1
Mandy Moore, 1
Scarlett Johansson, 1
Peter Gabriel, 2
James Taylor, 1
Paul Simon, 2
Billy Crystal, 1
Jon Brion, 1
Clint Mansell, 1
clipping., 1
