trackName, Times
ily (i love you baby) (feat. Emilee), 46
Déjà vu, Anxiety and Dreams, Part 2, 1
The Get Rich Quick Scheme That Wasn’t , 1
Toosie Slide, 76
Swing - Mahmut Orhan Remix, 16
Purple Hat, 21
Swing, 9
The Witcher | The Soundtrack, 1
Dispatch 3: Shared Immunity  , 2
About the Show, 3
Python Decorators and Writing for Real Python, 4
396- This Day in Esoteric Political History, 1
My best friend was an octopus, 2
Coronavirus: Shopping Safely, 1
26 - 3 Example Agree-Disagree Questions, 2
How To Be Happy, 1
Smile (From United Artists Film "Modern Times"), 46
Laughing, 5
Send In The Clowns - From ‘A Little Night Music’, 4
Slap That Bass, 2
I'm Coming Clean, 10
Love You So Bad, 66
Every Feeling, 8
Care, 13
Restless Year, 8
I Can Change, 10
Good Book, 29
Devil or Angel, 8
Early Rain, 11
My Zero, 22
Splash of Light, 5
At the Bottom of the Ocean, 9
La Madrugada, 9
Can I Sleep in Your Brain, 9
Body Was Made, 5
I Can’t Believe, 13
COPYCAT - Sofi Tukker Remix, 14
Myself, 44
Good Time Girl, 2
Feeling Good, 7
I'm Not Alright, 1
UCLA - Heimanu Remix, 1
Coronavirus, 1
Think About Things, 84
Dance Monkey (8D Audio), 6
Roses - Imanbek Remix, 107
death bed (coffee for your head), 85
Blueberry Faygo, 24
Don't Start Now, 20
Dance Monkey, 48
The Box, 14
Say So, 17
Intentions (feat. Quavo), 19
Break My Heart, 55
Falling, 102
Perfect to Me, 4
Level Up, 1
Wild Thoughts (feat. Rihanna & Bryson Tiller), 9
The Castle on the Rolling Hills, 1
24K Magic, 7
Shape of You, 50
Unknown Track, 93
Valam (From "Made in China"), 2
Lost on You, 1
A 1000 Times, 1
Bored, 7
I'm Electro, 10
There He Is, 21
There's Nothing Holdin' Me Back, 25
Dark Days (Sofi Tukker Remix), 3
Moon Tattoo, 2
Mi Rumba, 1
Hey Lion, 1
Whatever The Question, Data Has The Answer, 1
Not A Love Song, 1
Stung, 1
Wolves, 11
Like A Champion, 1
Ocean Eyes - Astronomyy Remix, 12
Ocean Eyes - Blackbear Remix, 3
ocean eyes, 3
Ocean Eyes - GOLDHOUSE Remix, 2
Heading Home, 1
End of Time, 2
The Spectre, 8
Alone, Pt. II, 6
Ignite, 4
Faded, 26
Ghost, 1
Lily, 30
On My Way, 9
Alone, 16
Are You Lonely - Steve Aoki Remix, 12
Live Fast - PUBGM, 1
Fade, 1
Diamond Heart, 1
Sing Me to Sleep, 16
hot girl bummer, 45
Happy Now, 9
Blinding Lights, 36
Destination Unknown, 6
Moral of the Story, 54
Real Love, 8
I.F.L.Y., 3
Honey, 34
Mother, 9
My Oh My (feat. DaBaby), 17
U Smile, 1
Fall, 1
Supalonely, 24
Love Yourself, 28
Life Is Good (feat. Drake), 15
Still Softish, 9
Smile, 12
Natural, 20
lovely (with Khalid), 26
Stay, 33
bad guy (with Justin Bieber), 17
Chinatown, 15
you should see me in a crown, 12
Ride It, 54
Trouble Is My Middle Name, 15
idontwannabeyouanymore, 11
What Do You Mean?, 22
Cold Water, 60
F**K All the Perfect People, 10
fuck, i'm lonely (with Anne-Marie), 31
Family, 17
Defoluyorum, 9
The Middle, 17
Pica - Cat Dealers Remix, 8
Only You, 14
Nalan, 46
I’ll Make It Up To You, 8
Sober, 11
Everybody Knows - Fra TV-Programmet "Idol 2018", 9
Ne Bakıyon Dayı Dayı, 4
Sunflower - Spider-Man: Into the Spider-Verse, 130
Unutulacak Dünler, 6
Loco Contigo (feat. J. Balvin & Tyga), 38
Secukupnya, 11
A Different Way (with Lauv), 23
Recognize (feat. Majid Jordan), 11
rockstar, 5
Lose You To Love Me, 12
Talk (feat. Disclosure), 6
My Kind Of Love, 34
Boasty (feat. Idris Elba), 8
Rise Up, 9
Lalala, 47
Good Day, 8
You Need To Calm Down, 16
Mean It, 8
Corona Virus, 12
China, 3
Vibe (If I Back It Up), 14
Thunder, 59
Eastside (with Halsey & Khalid), 52
Yellow Hearts, 20
Anyway The Wind Blows, 5
when the party's over, 11
I Like Me Better, 36
Baby, 9
Everybody's Somebody, 9
Stitches, 15
Blow That Smoke, 7
Never Let You Go (feat. John Newman), 6
broken, 13
Contra La Pared, 11
7 Years, 21
Get Up, 4
HUMBLE. - SKRILLEX REMIX, 7
The Motion, 31
Old Town Road, 16
Lose My Mind (feat. Mr Gabriel), 8
Someone You Loved, 34
everything i wanted, 11
About Love - From The Netflix Film “To All The Boys: P.S. I Still Love You”, 22
Trigger, 22
Lean On, 35
Public Enemy, 8
Vete, 5
No Brainer, 4
Sims, 1
BLACKOUT, 5
boyfriend (with Social House), 7
In My Feelings, 33
시작, 10
Hey DJ - Remix, 12
Lights Up, 44
#thatPOWER, 6
Love Lies (with Normani), 31
all the good girls go to hell, 12
Lonely (with Jonas Brothers), 7
BOYFREN, 6
Changes, 5
CITY OF ANGELS, 20
Memories, 21
How Do You Sleep?, 29
Nonstop, 22
God's Plan, 43
Look At Her Now, 7
Yummy, 17
Sorry Not Sorry, 15
Despacito - Remix, 18
Shotgun, 32
Sorry, 72
No More (feat. ZHU), 27
Here Comes The Night, 15
Physical, 11
Fuego (with Sean Paul & Anitta, feat. Tainy), 28
Old Town Road - Remix, 9
Heartless, 6
Lose Control, 8
If I Knew You Were Comin', I'd've Baked a Cake, 10
Callaita, 12
No Guidance (feat. Drake), 11
All I Want - From "High School Musical: The Musical: The Series", 6
Mouth Of The River, 11
You & I, 20
Loco Contigo (with J. Balvin & Tyga) - Cedric Gervais Remix, 17
7 Years (Seven Years) - Originally performed by Lukas Graham, 4
Teeth, 10
Tusa, 7
Good Thing (with Kehlani), 6
i'm so tired..., 9
Aç Bağrını, 7
Lebih Dari Egoku, 6
Dead Fingers Talking, 37
Purpose, 6
The Man, 12
GOOD, 23
Bum Bum Tam Tam, 14
Sake of You, 7
Atmosphere, 14
If Only the Wind Would Blow Me Away, 5
Let Me Love You, 36
Slow Down, 14
Amateur, 8
I Can’t Get Enough (benny blanco, Selena Gomez, J Balvin, Tainy), 5
Bad Love, 21
Sahara, 12
rockstar (feat. 21 Savage), 59
bad guy, 54
Propaganda, 24
Middle, 63
Old Days, 7
In the Name of Love, 57
I'm Yer Dad, 18
If I Can't Have You, 27
Ivana, 12
New Rules, 17
Hotter Than Hell, 2
Genesis, 1
Be the One, 1
Lost In Your Light (feat. Miguel), 1
Future Nostalgia, 4
Cool, 1
Levitating, 1
Hallucinate, 2
Pretty Please, 28
Love Again, 1
Drugs, 3
Bütün Istanbul Biliyo, 5
The Half, 10
Bandit (with YoungBoy Never Broke Again), 9
Welcome to the Party (with French Montana & Lil Pump, feat. Zhavia Ward) - from Deadpool 2, 5
Dancing In The Dark, 8
Trampoline (with ZAYN), 15
La La La, 7
The Game & Skrillex: El Chapo, 3
Wishin' And Hopin' - Stereo Version, 8
Mad Love, 26
Any song, 10
ROXANNE, 15
Talk, 28
Dior, 7
All In, 7
Savage, 2
Adore You, 23
I’m Ready (with Demi Lovato), 3
Righteous, 25
In Your Eyes, 16
Sunday Best, 17
@ MEH, 10
Bindis and Bangles, 2
LMK, 184
Don't Rush (feat. Headie One), 19
Con Tus Besos, 10
Rockstar Shit, 11
Skechers, 25
LEMONS - Demo, 102
Deep End Freestyle, 51
XS, 3
(i hope you) miss me, 20
Astronomia, 14
After Party, 17
Outta There, 37
Why Is Everything Chrome (Lean Swag Rock Wit It), 1
The Blessing - Live, 32
Tuff, 11
Breaking Me, 80
Josslyn, 42
Bored In The House, 14
Surrender, 12
Interior Crocodile Alligator, 3
QUARANTINE CLEAN, 13
Stella Brown, 94
Memphis, 11
just a boy, 35
Little Things (with Quinn XCII & Chelsea Cutler), 6
I Like Him, 4
Favorito, 1
Common Sense, 64
Comatose, 1
Por Tu Culpa, 1
Comme Des Garçons (Like The Boys), 1
They Call Me Tiago (Her Name Is Margo), 78
COVER GIRL, 1
Be A Light, 107
PTSD, 1
Selfish, 1
Mariposa, 76
Walk Em Down (feat. Roddy Ricch), 3
Addison Rae, 1
Boyfriend, 5
Dead, 1
Best Friend, 8
No Time To Die, 1
i love you, 20
Souvenir, 1
Rare, 3
Want You Back, 1
It Ain't Me (with Selena Gomez), 16
Back To You - From 13 Reasons Why – Season 2 Soundtrack, 13
High Hopes, 3
Benadryl, 2
Stupid Love, 3
Don't Call Me Up - R3HAB Remix, 1
Why Do You Love Me, 1
Nice To Meet Ya, 1
Candy, 1
FML, 4
Don't Let It Break Your Heart - Single Edit, 1
Falling (blackbear Remix), 1
Panini, 4
head first, 1
ME BECAUSE OF YOU, 1
No Idea, 4
Still Don't Know My Name, 3
Needs, 1
Looking at Me, 1
No One Compares To You, 1
In Your Eyes (feat. Alida), 2
Phases, 2
all my friends are fake, 1
Live Forever (With Cheat Codes), 1
me & ur ghost, 1
prom dress, 1
Like That (feat. Gucci Mane), 1
3 Nights, 1
Ransom, 10
Ring, 1
Champagne & Sunshine, 1
So Am I, 1
Painkiller, 1
Honeypie, 1
comethru (bonus track), 1
Boss Bitch, 1
The Take (feat. Chris Brown), 1
feel something, 5
Boys Ain't Shit, 6
Dear Society, 1
What If I Told You That I Love You, 1
La Di Da, 1
Small Talk, 1
Therapist, 1
CASINO, 1
50//50, 6
El Envidioso, 3
War, 7
Kuntry & Wistern, 1
Level of Concern, 153
Play Date, 52
Desires (with Future), 1
Yoga, 1
IDK You Yet, 109
It's You (I've Been Looking for), 9
Finesse, 3
Graves Into Gardens (Live), 1
The Blessing (Live), 11
Break Things, 5
C-State, 2
Nice Guy, 10
Bisexual, 83
Sirius - Chicago Bulls Theme Song, 1
If the World Was Ending - feat. Julia Michaels, 2
Someone Else, 6
Sunrise, 10
Times We Had, 40
Sexy, 11
Party Girl, 13
Laxed – Siren Beat, 8
Судно (Борис Рижий), 21
THE SCOTTS, 4
Address It, 2
Figure It Out, 10
Cars With The Boom, 6
ROCKSTAR (feat. Roddy Ricch), 25
Fishy on Me, 59
GOOBA, 11
Godzilla (feat. Juice WRLD), 40
Rain On Me (with Ariana Grande), 18
Godzilla, 1
Safaera, 1
Takeaway, 29
The Voice Says (feat. Charlie Kim), 1
ケーキを焼く, 1
Savage Remix (feat. Beyoncé), 3
Qué Maldición, 2
Ruthless (Nice Guys Always Finish Last), 2
Time (You and I), 5
Chicago Freestyle (feat. Giveon), 9
RNB (feat. Megan Thee Stallion), 1
#WIPEITDOWN, 6
bloody valentine, 2
Six Feet Apart, 6
Waiting For (feat. Jamila Woods), 77
Na Raba Toma Tapão, 3
LATHI (ꦭꦛꦶ), 5
I Like You So Much, You'll Know It, 4
Sour Candy (with BLACKPINK), 11
TKN (feat. Travis Scott), 3
Stuck with U (with Justin Bieber), 21
Watermelon Sugar, 115
Little Miss Sunshine, 8
Homicide, 6
Homicide (feat. Eminem), 57
1-800-273-8255, 15
Everybody, 1
Everyday, 11
Keanu Reeves, 9
Somebody That I Used To Know - 4FRNT Remix, 1
Somebody That I Used To Know, 115
Thrift Shop (feat. Wanz), 9
Titanium, 10
One Dance, 226
drake- one dance (slowed down), 1
Thinking out Loud, 33
Say You Won't Let Go, 123
Photograph, 25
Havana (feat. Young Thug), 30
Perfect, 37
Señorita, 23
Starboy, 93
Believer, 89
Something Just Like This, 28
Don't Let Me Down, 44
SAD!, 114
I Took A Pill In Ibiza - Seeb Remix, 32
HUMBLE., 14
Better Now, 51
Stressed Out, 96
XO Tour Llif3, 11
Congratulations, 20
All of Me, 10
Bohemian Rhapsody - Remastered 2011, 12
Unforgettable, 5
Treat You Better, 14
Lucid Dreams, 15
Cheap Thrills, 14
Happier, 29
Take Me To Church, 12
Stay With Me, 11
Uptown Funk (feat. Bruno Mars), 34
Despacito, 10
7 rings, 11
Let Her Go, 12
CAN'T STOP THE FEELING! (Original Song from DreamWorks Animation's "TROLLS"), 1
Girls Like You (feat. Cardi B), 20
Jocelyn Flores, 27
Shallow, 10
thank u, next, 24
Too Good At Goodbyes, 11
Cheerleader - Felix Jaehn Remix Radio Edit, 5
That's What I Like, 6
This Is What You Came For (feat. Rihanna), 90
Wake Me Up, 94
Psycho (feat. Ty Dolla $ign), 15
I Like It, 24
Heathens, 127
Hello, 7
Work from Home (feat. Ty Dolla $ign), 5
Radioactive, 49
Can't Feel My Face, 9
Attention, 36
See You Again (feat. Charlie Puth), 70
I Fall Apart, 17
Can't Hold Us - feat. Ray Dalton, 6
Counting Stars, 7
Without Me, 25
One Kiss (with Dua Lipa), 12
SICKO MODE, 9
Rockabye (feat. Sean Paul & Anne-Marie), 7
I Don’t Wanna Live Forever (Fifty Shades Darker), 11
Taki Taki (feat. Selena Gomez, Ozuna & Cardi B), 13
Sugar, 12
We Don't Talk Anymore (feat. Selena Gomez), 25
Chandelier, 7
I Don't Care (with Justin Bieber), 24
Mi Gente, 9
The Hills, 7
I'm the One (feat. Justin Bieber, Quavo, Chance the Rapper & Lil Wayne), 14
Demons, 36
IDGAF, 81
Ride, 89
Work, 8
Riptide, 81
Moonlight, 94
Me Rehúso, 6
Light It Up - Remix, 16
i hate u, i love u (feat. olivia o'brien), 10
Cake By the Ocean, 11
Side To Side, 7
Silence, 20
Panda, 14
Love Me Like You Do - From "Fifty Shades Of Grey", 24
I Feel It Coming, 4
Me, Myself & I, 4
Hotline Bling, 14
Lush Life, 24
Where Are Ü Now (with Justin Bieber), 123
Mask Off, 1
Starving, 9
Fast Car, 13
PILLOWTALK, 3
Sugar (feat. Francesco Yates), 3
Rather Be (feat. Jess Glynne), 10
Paris, 11
Roses, 25
Needed Me, 9
Swalla (feat. Nicki Minaj & Ty Dolla $ign), 2
Castle on the Hill, 12
Trap Queen, 2
Fake Love, 6
Firestone, 6
Wow., 63
All I Want for Christmas Is You, 8
Young Dumb & Broke, 7
Sweet but Psycho, 8
Meant to Be (feat. Florida Georgia Line), 7
Happy - From "Despicable Me 2", 5
Feel It Still, 9
Want to Want Me, 8
Earned It (Fifty Shades Of Grey) - From The "Fifty Shades Of Grey" Soundtrack, 7
How Deep Is Your Love, 15
Stole the Show, 5
Call on Me - Ryan Riback Remix, 3
Summer, 9
I See Fire - From "The Hobbit - The Desolation Of Smaug", 8
Don't Wanna Know (feat. Kendrick Lamar), 9
Bang Bang, 4
Dark Horse, 14
Pompeii, 8
Prayer in C - Robin Schulz Radio Edit, 3
Kaash Tu Dikh Jaye, 1
All Time Low, 69
Rude, 11
Shut Up and Dance, 13
No Money, 9
The Ocean (feat. Shy Martin), 6
My House, 10
Timber (feat. Ke$ha), 4
I'm Not The Only One, 2
A Sky Full of Stars, 3
Into You, 7
Sex, 2
Blame (feat. John Newman), 4
This Girl (Kungs Vs. Cookin' On 3 Burners), 5
Waves - Robin Schulz Radio Edit, 5
All About That Bass, 7
Am I Wrong, 49
GDFR (feat. Sage the Gemini & Lookas), 18
Black Beatles, 6
Royals, 13
Outside (feat. Ellie Goulding), 2
El Perdón, 5
Waiting For Love, 35
Locked Away (feat. Adam Levine), 14
Earth, 1
Homies, 1
Lucky, 6
Poppin (feat. Lil Pump & Smokepurpp), 1
Shameless, 1
Stranger Things, 12
Nancy and Barb, 1
This Isn't You, 1
Lay-Z-Boy, 1
Kids, 1
Age of Consent (New Order), 15
Crashing (feat. Bahari), 17
Midnight Sun (with Ukiyo), 8
Candy (feat. Ryan Chambers), 16
Way Back In, 11
As I'll Ever Be - From The Netflix Film “To All The Boys: P.S. I Still Love You”, 3
Honest, 10
You're Mine, 6
You Should Be Dancing, 7
Better By Myself, 24
I'm Spider-Man, 16
My Enemy, 6
Cancer, 6
Car Radio, 27
Level of Concern - live from outside, 6
Tear in My Heart, 67
Grammys, 3
Controlla, 1
Wild Things, 18
Colors, 1
I Choose - From The Netflix Original Film The Willoughbys, 19
Have You Ever Seen The Rain, 2
Roar, 1
Bank Account, 1
Might Not Be OK (feat. Big K.R.I.T.), 5
Kings, 11
Let Love Lead, 4
How Deep Is Your Love - DJ Snake Remix, 12
tere bina - Acoustic, 3
Take Yourself Home, 2
Tujhe Kitna Chahne Lage, 1
please, 1
Wagairah Wagairah, 5
Closer, 60
This Baby Don’t Cry, 61
Bad Memory, 1
Zen (with K.Flay & grandson), 36
Lose Yourself - From "8 Mile" Soundtrack, 61
Summertime Sadness (Lana Del Rey Vs. Cedric Gervais) - Cedric Gervais Remix, 11
Sail, 6
Can't Stop, 36
Reggaetón Lento (Bailemos), 13
Young, Wild & Free (feat. Bruno Mars), 14
Hall of Fame (feat. will.i.am), 14
Échame La Culpa, 2
Candy Paint, 70
Paint It, Black, 32
Numb, 22
Let Me Go (with Alesso, Florida Georgia Line & watt), 16
White Iverson, 7
Say Something, 37
Batshit, 9
Take A Sip - Dodge & Fuski Remix, 3
Wreak Havoc, 1
Sucker for Pain (with Wiz Khalifa, Imagine Dragons, Logic & Ty Dolla $ign feat. X Ambassadors), 6
Circles, 122
The Pod Dance, 1
The Red Army Is the Strongest, 1
I Need You to Trust Me, 1
Never Surrender, 1
Mirkwood, 1
Italian gigolo, 1
When You See Me, 1
Elegia - 2015 Remaster, 20
Africa, 4
Should I Stay or Should I Go - Remastered, 9
Marquee Moon, 1
There Is a Light That Never Goes Out - 2011 Remaster, 1
When I Am Older, 6
Arabian Nights (2019), 11
Arabian Knights, 1
Arabian Nights, 4
Magenta Riddim, 21
Heartbreaker, 1
Loco Contigo (with J. Balvin & Ozuna feat. Nicky Jam, Natti Natasha, Darell & Sech) - REMIX, 2
Good News, 1
Fuck They, 2
Sister, 2
Energia, 1
House Arrest, 3
Drinkee, 2
Good Time Girl (feat. Charlie Barker), 1
Find an Island, 11
Sucker, 2
break up with your girlfriend, i'm bored, 5
Skechers (feat. Tyga) - Remix, 10
Sacred Games, 7
Kaam 25 - Sacred Games, 7
Hero, 1
friends*, 1
Be Kind (with Halsey), 2
You Like Me My Gucci Shoes TikTok, 4
Blu, 28
Shayad, 6
Ghungroo (From "War"), 3
The Bigger Picture, 59
GO (feat. Juice WRLD), 2
Tommy Lee (feat. Post Malone), 13
I See Red, 6
Stunnin', 7
Song About You, 1
Hard For Me, 5
Then Leave (feat. Queendom Come), 4
Control, 14
SAD - Imanbek xxx Remix, 41
Do It, 4
Body, 22
Como Llora, 2
Hatchback, 2
Banana (feat. Shaggy) (DJ FLe - Minisiren Remix), 4
Tujhe Kitna Chahne Lage (From "Kabir Singh"), 7
Tú, 1
Roses Remix (feat. Future), 2
21, 1
Go Crazy, 4
Prospect (ft. Lil Baby), 3
Replay, 1
MORE & MORE, 1
Rover (feat. DTG), 3
Dance with Me (feat. Thomas Rhett & Young Thug), 1
Angels & Demons, 11
We Paid (feat. 42 Dugg), 5
T.D (Lil Yachty & Tierra Whack feat. A$AP Rocky & Tyler, The Creator), 1
Good Pills, 7
vestal avenue, 1
The Whistle Song - Re-Directed, 8
Khairiyat, 7
Time, 50
Time - Alan Walker Remix, 4
Now We Are Free - From "Gladiator" Soundtrack, 9
I Can't Stop, 23
Better Off Alone, 1
Animals, 95
Levels - Original Version, 20
Language - Extended Mix, 3
Ghosts 'n' Stuff, 9
For A Better Day, 1
All This Time, 12
Holy Water, 15
Here With Me, 3
No Sleep (feat. Bonn), 4
Brave, 2
One Love, 1
I AM the ONE, 1
Hood Baby, 2
WHATS POPPIN (feat. DaBaby, Tory Lanez & Lil Wayne) - Remix, 6
Both Of Us - Edit, 29
Kolors, 1
Pipes, 1
Location (feat. Burna Boy), 7
Intentions, 9
Like You, 1
Flowers (feat. Jaykae and MALIKA), 1
TKM, 1
Breaking Bad Main Title Theme (Extended), 106
Band Aids, 4
Tamacun, 19
Out of Time Man, 3
You're Moving Me, 5
Nine Years, 1
Didn't I, 2
UH, 1
Spelling, 1
Catch Yer Own Train, 3
Who's Gonna Save My Soul, 1
Goodbye - Theme from Dark, a Netflix Original Series, 43
Red Moon, 1
No Place Like Home, 1
I'm Moving to England, 1
So Much Anger, 2
I'm Goblin, 1
Keep The Family Close, 1
Stunnin' (feat. Harm Franklin), 29
Safe With You, 1
Isi Hatiku, 4
Breaking Bad, 1
It's Such a Good Night, 1
Rain Drop Sounds, 1
Piano Relax, 1
morning sunrise, 1
Main Titles, 6
The Rains of Castamere, 17
The Rains of Castamere From Game of Thrones, 6
Arrival at Winterfell, 4
Ve Maahi, 4
Lambiyaan Si Judaiyaan (From "Raabta"), 3
Asleep - 2011 Remaster, 1
Muskurane (From "Citylights") - Romantic, 8
Raabta, 2
A Leader Always Carries a Stick, 1
Do It Again a Little Bit Slower, 1
Have a Good Time, 1
Touch, 1
Who's Got Your Love, 3
Bones (feat. OneRepublic), 13
Finally Moving, 15
Green Grass & High Tides - Remastered, 1
Supermarket, 1
Jenny of Oldstones, 2
A Knight of the Seven Kingdoms, 2
Feel Like Making Love, 1
Flight of Dragons, 2
Dead Before the Dawn, 1
Heir to the Throne, 4
Power is Power (feat. The Weeknd & Travis Scott), 50
From the Grave, 1
Make You Mine, 7
Tera Yaar Hoon Main (From "Sonu Ke Titu Ki Sweety"), 3
Mast Magan, 3
Lo Maan Liya (From "Raaz Reboot"), 1
Humdard (From "Ek Villain"), 2
Namo Namo, 2
Liggi, 24
Makhna, 1
Genda Phool (feat. Payal Dev), 1
Illegal Weapon 2.0, 1
Savage Love (Laxed - Siren Beat), 25
Duniyaa (From "Luka Chuppi"), 1
Qaafirana, 1
Tu Hi Yaar Mera (From "Pati Patni Aur Woh"), 1
Tum Hi Aana (From "Marjaavaan"), 1
Yalgaar, 1
Kaise Hua (From "Kabir Singh"), 1
Bambiha Bole, 2
Agar Tum Saath Ho (From "Tamasha"), 3
Stay Gold, 3
Humraah (From "Malang - Unleash The Madness"), 1
How You Like That, 4
My Blood, 21
Don't Be so Shy (Filatov & Karas Remix), 8
Believe, 1
Heir to Winterfell, 1
You Know Nothing, 5
I Am Hers, She Is Mine, 1
To Vaes Dothrak - From The "Game Of Thrones" Soundtrack, 1
Winter Is Coming - From The "Game Of Thrones" Soundtrack, 1
Jon's Honor - From The "Game Of Thrones" Soundtrack, 1
Be with Me, 1
Game of Thrones - Theme, 1
Kill Them All - From The "Game Of Thrones" Soundtrack, 1
ilomilo, 1
goodbye, 5
Nobody Compares To You (feat. Katie Pearlman), 5
lift me from the ground, 2
Open Tales, 3
KILL THIS LOVE - JP Ver., 15
You Know You Like It, 5
Try Me (with Plastic Toy), 3
Get Low, 3
Turn Down for What, 8
Paris (feat. GASHI), 2
No Option (feat. Burna Boy), 2
Cool Out, 5
Drunk, 4
Boyfriend (Repeat), 24
Gum (Everybodys My Friend), 2
You're My Desire, 2
This / That, 2
Beautiful, 4
Hypnotic Regression, 3
Bad Ones (feat. Tegan and Sara), 16
Lovers, 16
Video Child, 3
When I Dance with You, 1
Everybody Wants To Rule The World, 2
Nadir, 1
Trust Nobody, 32
Maradona Riddim, 3
Taki Taki (with Selena Gomez, Ozuna & Cardi B), 10
Broken Summer, 4
Intro (A86), 2
Butterfly Effect, 2
Future Pt 2, 2
Creep On Me, 2
Dirty Vibe - DJ Snake & Aazar Remix, 3
Stay The Night - Featuring Hayley Williams of Paramore / DJ Snake Remix, 2
Gassed Up, 2
Lunatic - Original Mix, 2
Made In France (with Tchami & Malaa, feat. Mercer), 2
Made In China, 2
Baarishein, 2
Eleven, 7
Bandaids - Remix, 1
Kasoor, 3
Bewafa, 2
Coffee Cup, 1
You're Not Good Enough, 39
Sweet Dreams (Are Made of This) - Remastered, 6
Maniac - From "Flashdance", 2
Take on Me, 3
Footloose - From "Footloose" Soundtrack, 1
Last Of Me - Arknights Soundtrack, 9
Moral of the Story (feat. Niall Horan), 9
Life's A Mess (feat. Halsey), 9
Slow Grenade, 12
Past Life (with Selena Gomez), 2
Giants, 7
if this is the last time, 6
Love Somebody, 1
Girlfriend, 10
Coño, 5
vicious (feat. Lil Mosey), 2
We'll be fine, 1
i wanna be your girlfriend, 1
BOY, DON'T CRY, 1
Blue Petals, 1
Dance In The Dark - Spotify Singles, 1
Djadja (feat. Maluma) - Remix, 1
dear P, 1
Smoke, 1
The Woo (feat. 50 Cent & Roddy Ricch), 12
Thandi Hawa, 20
Sage, 11
People - Hindi Reprise, 1
Udd Gaye - Bacardi House Party Sessions, 24
Pause, 6
I Love You Baby, I Love You Doll, 5
Tere Jeya Hor Disda, 1
Dil Mere, 1
Choo Lo, 1
Drum Machine, 1
Naina Da Kya Kasoor, 1
Dil Beparvah - The Dewarists, Season 5, 1
Tonight We Fly, 1
Undone, 1
Friends with benefits, 1
Should You Get an MBA?, 2
Countdown to Season 2, 2
Introducing Conan’s new podcast, 1
#88 The Possession of Elizabeth Knapp, 1
#1 Paranormal Pilot, 1
The Living Room , 2
Power, 1
Kiss from God - mint Singles, 15
Head & Heart (feat. MNEK), 34
Secrets, 6
Trap (Rompasso Remix), 1
Looking for Me, 7
My High (Edit), 9
Creep - mint Singles, 2
Warrior, 3
Lonely, 3
2049, 2
The Ecstasy Of Gold, 3
Brain Damage, 1
Main Title Theme - Westworld, 18
Light of the Seven, 32
The Night King, 4
Main Title - From The "Game Of Thrones" Soundtrack, 20
A Lannister Always Pays His Debts, 4
Main Title Season 3, 1
Michael Scofield, 1
To The Stars - From "Ad Astra" Soundtrack, 1
Luke And Leia - From "Star Wars: Return Of The Jedi", 1
The Hanging Tree, 4
A Close Friend, 1
Eptesicus, 2
Salamander Eyes, 1
How the pandemic will shape the near future | Bill Gates, 2
Africa is a sleeping giant -- I'm trying to wake it up | Adeola Fayehun, 1
Chalo Chalein, 4
Summer Days (feat. Macklemore & Patrick Stump of Fall Out Boy), 23
Rolling in the Deep, 4
Litty (feat. Tory Lanez), 1
Jiyein Kyun, 1
Moh Moh Ke Dhaage (Male), 6
Let's Nacho, 2
Good On You - MOTi Remix, 1
Laung Gawacha, 1
Kapoor & Sons Mashup (By DJ Chetas) (From "Kapoor & Sons (Since 1921)"), 1
Bhayanak Atma, 9
Aaja, 1
Rangi Saari, 1
Down The Road (feat. YVA, Dhruv Sangari & Nicki Wells), 1
Akkad Bakkad, 1
Street Boy, 2
Bell Gadi, 1
Making Mirrors, 1
Eyes Wide Open, 5
Smoke And Mirrors, 1
Easy Way Out, 1
Goat, 1
Same Beef, 1
Old Skool, 1
47 (feat. Stefflon Don), 1
Everybody Knows, 14
Passenger, 1
Bad 4 U (feat. gnash), 1
superlit, 1
Fuck Your Money, 1
Run Wild - Original, 1
Blood In The Cut - Aire Atlantica Remix, 1
Vicodin, 1
Breaking News (with RAYE), 1
War Song, 10
Superlove (feat. Oh Wonder), 1
Damn, 1
Emiway (Gully Ka Kutta), 1
Fake Friends (feat. Alex Hosking), 2
Energy, 2
Someday, 2
Undo My Heart, 1
Higher Ground (feat. John Martin), 7
Mine, 10
SOS, 2
Dusk Till Dawn - Radio Edit, 6
God is a woman, 2
Human Right, 8
I Like Myself (Most Of The Time), 1
Woke The F*ck Up, 3
Good Things Fall Apart (with Jon Bellion), 3
Stupid Deep, 1
Better Call Saul End Credits, 1
Shake It Off, 14
Fantasy, 6
Harlem Shake, 1
Part Of Me, 1
Born This Way, 3
Settle Down, 1
Passionfruit, 3
Money In The Grave (Drake ft. Rick Ross), 6
Chinita Girl, 1
Come & Go (with Marshmello), 6
no song without you, 1
Relación, 1
$3 million, 2
Pricing, 1
Plans, 1
One By One, 1
Magic Arrow, 1
Shambala - Remastered 2009, 1
We Are Born When We Die, 1
Jesse James, 1
Hospital, 1
Stay on the Outside, 1
Outro, 1
Sloppy Seconds, 1
Crickets Sing For Ana Maria, 1
Quicken, 1
Pick Yourself Up, 1
Chlorine, 64
goosebumps, 6
Pain 1993 (with Playboi Carti), 2
Who Put The Bomp, 2
Who Put the Bomp (In The Bomp, Bomp, Bomp) (Remastered), 8
Love Me Do - Remastered 2009, 8
LOVE ME DO, 1
Here Comes The Sun - Remastered 2009, 5
Let It Be - Remastered 2009, 2
Smells Like Teen Spirit, 7
Just Like Heaven, 1
Living On My Own - No More Brothers Radio Mix, 1
Barcelona, 1
The Great Pretender, 1
Born To Be Yours, 7
Before You Go, 7
Own It, 1
Golden, 7
Dead Eyes, 2
I Can't Sleep, 1
I Love You's, 1
Old Town Road (feat. RM of BTS) - Seoul Town Road Remix, 1
Like Whaaat (feat. Wiz Khalifa, Tyga, Chris Brown & Master P) - Remix, 1
Sims - Miquela Remix, 4
A Palé, 10
Come Together - Remastered 2009, 10
Love Me Do - Mono / Remastered, 23
Blue Monday - 2016 Remaster, 4
Wives And Lovers, 1
Hello, Little Girl, 1
Goodbye, Little Darlin', Goodbye, 1
Blue Velvet, 11
Sealed with a Kiss, 1
Too Shy, 1
You And I, 1
You & I (Nobody in the World), 1
Best to You, 1
POPSTAR (feat. Drake), 2
GREECE (feat. Drake), 2
Cold Water (Remix), 3
Call Me Maybe, 2
Don't, 9
Someone Like You, 3
My Way, 14
Love The Way You Lie, 4
F**kin' Problems (feat. Drake, 2 Chainz & Kendrick Lamar), 4
Rap God, 4
Sex on Fire, 2
Body Like A Back Road, 7
Your Song, 2
Water Under The Bridge, 3
FRIENDS, 1
Whatever It Takes, 11
Under Pressure - Remastered 2011, 3
no tears left to cry, 4
Promises (with Sam Smith), 11
Rise, 19
MIDDLE CHILD, 2
In My Mind, 49
Beautiful (feat. Camila Cabello), 2
Piece Of Your Heart, 3
Praise The Lord (Da Shine) (feat. Skepta), 2
Marvins Room, 9
Close To Me, 17
A Series of Unfortunate Events Theme, 2
Drive Away (End Title), 2
There for You, 2
For a Day, 1
Perfect Strangers, 7
Invitation, 1
Is This Love - Remix, 1
No Holding Back, 1
Sweet Lovin' - Radio Edit, 1
Millionaire (feat. Nelly), 1
False Alarm, 2
Trouble, 1
Final Song, 6
Tears (feat. Louisa Johnson), 1
Let Me Hold You (Turn Me On), 1
Ain't Giving Up, 1
Sunshine (feat. Dan Harkna) - Radio Edit, 1
You Want Me (feat. Sadie Ama), 1
Cruel (feat. ZAYN), 1
Capsize, 3
All Goes Wrong, 1
Would I Lie to You, 1
House Work (feat. Mike Dunn & MNEK), 1
All That She Wants, 1
Crank It (feat. Nadia Rose & Sweetie Irie) - Radio Edit, 1
Girls Like (feat. Zara Larsson), 1
Piece of Me, 1
This One's for You (feat. Zara Larsson) (Official Song UEFA EURO 2016), 1
Daylight, 1
Way Up, 2
Give Me Your Love (feat. Nile Rodgers), 1
Purple Lamborghini (with Rick Ross), 6
Nervous, 1
Don't Need No Money (feat. Sigala & Blonde), 1
Yo x Ti, Tu x Mi, 7
Liar, 34
UN DIA (ONE DAY) (Feat. Tainy), 13
Tal Uno, 1
the WORLD, 3
Death Note Suite, 2
L's Theme (From "Death Note") - Instrumental, 33
Light's Theme (From "Death Note") - Instrumental, 3
Alumina (From "Death Note Series 1") - Instrumental, 1
Near's Theme (From "Death Note") - Instrumental, 3
Misa's Theme (From "Death Note") - Instrumental, 1
Laputa: Castle In the Sky Suite, 1
Death Image (From "Death Note") - Instrumental, 1
Rem's Theme: Death Note, 1
Light Lights up Light (From "Death Note") - Instrumental, 2
Kyrie - from Death Note, 1
アルミナ, 2
High Life, 24
Cut Your Teeth - Kygo Remix, 1
Higher Love, 3
Lose Somebody, 3
Wild for the Night (feat. Skrillex & Birdy Nam Nam), 4
ME! (feat. Brendon Urie of Panic! At The Disco), 8
cardigan, 10
Naruto's Daily Life (From 'Naruto'), 1
Howl's Moving Castle Theme (From 'Howl's Moving Castle'), 5
Through the Valley - Inspired by "Last of Us 2", 1
Truth, 1
Maniac, 5
9, 1
Hands To Myself, 2
Take My True Love by the Hand, 5
DLZ, 1
Phir Mohabbat (From "Murder 2"), 1
Kabira (Encore) [From "Yeh Jawaani Hai Deewani"], 1
Bekhayali (Arijit Singh Version) [From "Kabir Singh"], 1
Pachtaoge (From "Jaani Ve"), 1
Tum Hi Ho (From "Aashiqui 2"), 1
Roke Na Ruke Naina (From "Badrinath Ki Dulhania"), 1
Itni Si Baat Hain (From "Azhar"), 1
Nina, 1
One, 2
Atmosphere - 2020 Digital Remaster, 5
Saware (From "Phantom"), 1
Scars To Your Beautiful, 3
What Lovers Do (feat. SZA), 5
Love Me For The Weekend (with Ashe), 1
After Life, 1
Immature, 1
Backyard Boy, 126
DDLG, 9
3 Musketeers, 11
Stuck in the Middle, 5
WATER, 2
F2020, 19
Such a Whore (Stellular Remix), 9
NEVER MET!, 1
Overwhelmed, 9
Take What You Want (feat. Ozzy Osbourne & Travis Scott), 11
Grenade, 1
my future, 10
Wishing Well, 3
Fine Line, 1
Cherry, 1
To Be So Lonely, 1
We Don't Get High (like we used to), 1
We Don't Believe What's on TV, 17
Like I'm Gonna Lose You (feat. John Legend), 2
Snow (Hey Oh), 3
We Are Young (feat. Janelle Monáe), 4
Are You With Me, 6
Sweet Home Alabama, 3
BUTTERFLY EFFECT, 4
Party In The U.S.A., 2
Criminal, 6
Lost In Japan, 4
All The Stars (with SZA), 20
Seven Nation Army, 5
iSpy (feat. Lil Yachty), 2
Stay (feat. Maty Noyes), 2
Mr. Brightside, 2
Pumped Up Kicks, 3
Nice For What, 11
Classic, 2
Gold, 4
Still Softish (feat. Bryce Hall), 3
Let It Go, 3
Story of My Life, 2
I Really Want It, 2
You'll Be Okay, 3
Rockstar, 1
Land of Opportunity, 1
Already Home, 1
In the End, 3
This Is the New Year, 1
Cheer Up!, 1
Shorty Don't Wait, 2
Everyone Is Gay, 1
There Is an Answer, 1
I Don't Wanna Love Somebody Else, 1
Levitate, 4
Smithereens, 3
Jumpsuit, 16
Heavydirtysoul, 31
Lane Boy, 55
The Judge, 11
The Hype, 6
House of Gold, 5
Holding on to You, 4
Polarize, 8
Nico and the Niners, 2
Guns for Hands, 5
Migraine, 4
Mood Swings (feat. Lil Tjay), 5
Brace Yourself, 4
Maria, 22
Heat Waves, 74
Bütün İstanbul Biliyo, 7
Wish You Well, 1
Know Your Worth, 49
Do I Wanna Know?, 4
Bailando - Spanish Version, 7
Broccoli (feat. Lil Yachty), 2
Runaway (U & I), 4
Feel Good Inc., 1
Scared to Be Lonely, 19
Hey, Soul Sister, 1
I Don't Fuck With You, 4
POWER, 2
Here, 2
Chop Suey!, 2
Bad Liar, 53
Calma - Remix, 2
Lay It All on Me (feat. Ed Sheeran), 2
Make You Feel My Love, 1
House of the Rising Sun, 4
Hips Don't Lie (feat. Wyclef Jean), 2
bury a friend, 17
Drunk in Love (feat. Jay-Z), 1
How Far I'll Go - From "Moana", 3
Solo (feat. Demi Lovato), 29
Solo Dance, 1
Ain't Nobody (Loves Me Better), 1
Goodbyes (feat. Young Thug), 23
Slow Hands, 2
I Won't Give Up, 1
Let You Down, 2
Mirrors, 2
Issues, 3
It's Time, 21
How Far I'll Go - Alessia Cara Version, 1
Chantaje (feat. Maluma), 2
Felices los 4, 3
Soltera - Remix, 1
Hey Ya!, 2
Fuck Love (feat. Trippie Redd), 4
Paradise, 24
I'm Yours, 2
Bad and Boujee (feat. Lil Uzi Vert), 2
This Is America, 5
Holy Grail, 1
Yes Indeed, 6
Bodak Yellow, 2
Gucci Gang, 1
Centuries, 6
Numb / Encore, 11
Mood (feat. iann dior), 9
Ashes, 6
Wildfire, 7
Coochie, 1
Heartbreak Hotel, 3
Wildest Dreams, 6
All Too Well, 2
Lover, 3
I Forgot That You Existed, 3
I Knew You Were Trouble., 1
We Are Never Ever Getting Back Together, 1
...Ready For It?, 1
Delicate, 1
Vaccines Made Me Gay, 1
Hometown, 3
Summer Feelings (feat. Charlie Puth) - From 'SCOOB!' The Album, 3
Never Be Like You, 2
Never Forget You, 2
2002, 2
Midnight City, 1
Creep, 2
Viva La Vida, 2
Stairway to Heaven - Remaster, 2
The Scientist, 3
MIA (feat. Drake), 9
The Less I Know The Better, 1
Location, 2
Every Breath You Take, 2
Jumpman, 2
Budapest, 6
River (feat. Ed Sheeran), 1
Otra vez (feat. J Balvin), 3
Hey Brother, 6
Adan y Eva, 1
Send My Love (To Your New Lover), 1
Escápate Conmigo (feat. Ozuna), 3
More Than You Know, 5
Mo Bamba, 2
Symphony (feat. Zara Larsson), 19
Just Give Me a Reason (feat. Nate Ruess), 3
Skinny Love, 3
Marvin Gaye (feat. Meghan Trainor), 1
X, 3
When We Were Young, 4
Truth Hurts, 1
Hear Me Now, 2
All Girls Are The Same, 5
Home, 5
These Days (feat. Jess Glynne, Macklemore & Dan Caplen), 2
Ric Flair Drip (& Metro Boomin), 4
Hotel California - 2013 Remaster, 1
Some Nights, 2
Little Talks, 2
I Love It (feat. Charli XCX) - Original Version, 3
Don't Call Me Up, 3
Look Alive (feat. Drake), 1
Problem, 1
Stolen Dance, 2
Break Free, 2
I Wanna Dance with Somebody (Who Loves Me), 3
Walk It Talk It, 1
Lolly, 1
10,000 Hours (with Justin Bieber), 3
Time of Our Lives, 2
Going Bad (feat. Drake), 7
Ni**as In Paris, 2
On Top Of The World, 36
Thunderstruck, 30
When I Was Your Man, 2
Welcome To The Jungle, 1
Please Don't Go, 1
Bounce Back, 2
Slide (feat. Frank Ocean & Migos), 3
We Can't Stop, 1
A Thousand Years, 1
Sin Pijama, 3
In My Blood, 2
Get Busy, 2
Chromatica I, 1
Add It Up, 1
Nobody's Love, 9
King Mickey, 1
WAP (feat. Megan Thee Stallion), 19
Best Song Ever, 1
Laugh Now Cry Later (feat. Lil Durk), 16
Dynamite, 16
Midnight Sky, 5
Lemonade, 6
Levels - Radio Edit, 8
Sometimes I Feel - Avicii's Out of Miami Mix, 1
Hawái, 7
Mr Loverman, 41
Tap In, 5
Agua (with J Balvin) - Music From "Sponge On The Run" Movie, 7
Wild (feat. Gary Clark Jr.), 1
NEVER MET! (feat. Glitch Gum), 1
Put Your Records On, 6
Chosen Last, 1
Crying Over You, 1
Muwop (feat. Gucci Mane), 1
Heather, 33
Buss It, 2
Kismet, 1
money machine, 1
Electric Love, 1
Pain, 1
Drown, 1
BeVerly Hills BoYfRiEnd, 1
Só Você, 1
Ay, DiOs Mío!, 8
Nimet, 12
Di Sepertiga Malam, 1
Oh Ms Believer, 3
Screen, 3
Morph, 2
Ode to Sleep, 2
Cut My Lip, 2
Bandito, 2
Johnny Boy, 3
Eyes Blue Like The Atlantic (feat. Subvrbs), 84
NUNU NANA, 1
KINMOKUSEI, 1
DESSERT, 5
HIGHEST IN THE ROOM, 8
STARGAZING, 2
OUT WEST (feat. Young Thug), 2
Ice Cream (with Selena Gomez), 10
Over Now (with The Weeknd), 2
Boy With Luv (feat. Halsey), 3
ON, 2
Filter, 1
Your eyes tell, 1
Euphoria, 1
Hate The Other Side (with Marshmello & The Kid Laroi), 1
7 Summers, 1
DOLLAZ ON MY HEAD (feat. Young Thug), 1
my ex's best friend (with blackbear), 9
Harleys In Hawaii, 12
Riding Shotgun (feat. Bonnie McKee), 1
BELIEVE IT, 3
Love On The Brain, 2
Don't Stop Me Now - Remastered 2011, 14
Not Today, 7
Doubt, 7
Message Man, 4
Goner, 4
Perimeter Check, 1
Kings & Queens, 4
Take You Dancing, 1
Mad at Disney, 5
Falling for U, 1
Dime por Qué Mi Amor, 1
I Feel Ya, 12
PJ, 2
Just About Over You, 1
Lithuania (feat. Travis Scott), 1
Throat Baby (Go Baby), 3
Sálvame, 2
Caramelo, 1
For The Night (feat. Lil Baby & DaBaby), 5
I Hate You but I Had a Good Time (Prelude), 1
Is It Us, 1
OMG What's Happening, 2
Lasting Lover, 6
Carry On (from the Original Motion Picture "POKÉMON Detective Pikachu"), 2
Alone Again, 2
if i were u (with Lauv), 1
chateau, 1
G.O.A.T., 1
Yes or No, 1
Garmi (From "Street Dancer 3D") (feat. Varun Dhawan), 1
Can We Kiss Forever?, 5
Chidiya, 1
Raahi, 1
Love Me Less (feat. Quinn XCII), 1
Beautiful People (feat. Khalid), 28
South of the Border (feat. Camila Cabello & Cardi B), 14
Never Be the Same, 7
Five More Hours - Deorro x Chris Brown, 1
do re mi, 1
Won't Be Late (feat. Drake), 1
Lucky You (feat. Joyner Lucas), 1
'Till I Collapse, 5
Best Part of Me (feat. YEBBA), 3
Gimme Love, 2
Easy, 2
What's Up Danger (with Black Caviar), 6
Familia (with Anuel Aa, feat. Bantu) - Spider-Man: Into the Spider-Verse, 47
Invincible, 2
Places, 1
Drip Too Hard (Lil Baby & Gunna), 2
Dusk Till Dawn (feat. Sia) - Radio Edit, 2
I Don't Want Your Money (feat. H.E.R.), 2
Ive Got No Roots, 1
Eyes Blue Like The Atlantic, Pt. 2 (feat. Powfu, Alec Benjamin & Rxseboy), 1
ill come back to you (feat. Sarcastic Sounds & Rxseboy), 3
Lemonade (feat. Gunna, Don Toliver & NAV), 6
you broke me first, 2
Whole Lotta Choppas, 1
OK Not To Be OK, 9
This Side of Paradise, 2
Daisy, 7
Ser O Parecer, 1
That Bitch, 1
Catching Feels, 1
Ego Death (feat. Kanye West, FKA twigs & Skrillex), 2
Bangarang (feat. Sirah), 18
TURN OFF THE LIGHTS, 1
Kyoto (feat. Sirah), 1
Would You Ever, 14
Try It Out, 2
Right In, 3
Mind (feat. Kai), 14
Breakn' a Sweat, 13
Working For It, 1
Bun Up the Dance, 4
Body Back (feat. Maia Wright), 3
I'll Wait, 7
Another Life (feat. Alida), 1
Cappadocia, 2
Voices In My Head, 78
Cry (with John Martin), 3
Lose My Mind, 1
Cruel Summer, 1
Breakn' a Sweat - Zedd Remix, 9
Bad Boy (feat. Luana Kiara), 1
Let's Love, 3
Break This Habit (feat. Kiko Bun), 1
Follow (with Jeremih), 3
What You Want, 4
Somebody That You Loved, 2
Children Of A Dream, 2
I Found You (Neptune), 2
Somebody I'm Not - Cahill Edit, 1
Somebody I'm Not, 18
Nobody, 1
Can I Be Him, 1
Exchange, 1
Locked out of Heaven, 2
Eye of the Tiger, 2
679 (feat. Remy Boyz), 1
Back In Black, 7
She Will Be Loved - Radio Mix, 6
7/11, 1
Caroline, 4
Yellow, 2
Losing My Religion, 3
changes, 17
Feel So Close - Radio Edit, 11
Bad Romance, 1
Don't Stop Believin', 2
Saman Sarısı, 1
Youngblood, 34
Who We Are?, 1
Slide Away, 1
Watch Your Step, 1
Up & Down, 1
Alive (It Feels Like), 1
Galway Girl, 2
Hey Baby (feat. Gia Koka), 2
Drivin Thru the Night, 1
Don't Hit My Line, 7
Nightlight, 8
Fire (with Elderbrook), 5
Without You (feat. Sandro Cavazza), 6
I Found You (with Calvin Harris), 1
Don't You Worry Child - Radio Edit, 12
Excuse Me Mr Sir (feat. Vargas & Lagola), 2
The Nights, 2
Virus (How About Now), 1
Helicopter - Video Edit, 1
Your Body - Martin Garrix Remix, 1
Drown (feat. Clinton Kane), 9
Hold On & Believe (feat. The Federal Empire), 1
Set Me Free, 1
The Days, 5
Pizza, 3
Tie Me Down (with Elley Duhé), 12
All You Need To Know (feat. Calle Lehmann), 5
If I Can't Have You - Gryffin Remix, 1
Winnebago (feat. Quinn XCII & Daniel Wilson), 1
YOUTH - Gryffin Remix, 1
Remember (with ZOHARA), 1
Just For A Moment (feat. Iselin), 1
Bye Bye (feat. Ivy Adara), 2
Fairly Local, 5
Fall Away, 2
Trees, 1
Neon Gravestones, 1
The Run and Go, 2
Fake You Out, 1
Byte, 1
You Should Know (feat. Craig Smart), 1
One Last Time, 6
Wannabe, 13
LATHI (with Sara Fajira), 4
Python Course - Introduction to Python Course, 1
Learn Python Skills While Creating Games, 1
Effective Python and Python at Google Scale, 1
Learning Python Through Errors, 1
Exploring CircuitPython, 1
Python REST APIs and The Well-Grounded Python Developer, 1
Real Friends, 1
Fly Away With Me, 6
Swervin (feat. 6ix9ine), 1
Dancing With A Stranger (with Normani), 12
Back To You, 17
Easier, 1
Drag Me Down, 5
FourFiveSeconds, 3
Diamonds, 1
No Problem (feat. Lil Wayne & 2 Chainz), 1
All We Know, 11
No Role Modelz, 5
Make Up (feat. Chloe Angelides), 1
Everybody Dies In Their Nightmares, 17
Perfect Duet (Ed Sheeran & Beyoncé), 1
Good For You, 5
Dangerous Woman, 4
No Wind Resistance!, 2
F-150, 4
M to the B, 6
Lets Link, 1
Upside Down, 5
Edge of Great (feat. Madison Reyes, Charlie Gillespie, Owen Patrick Joyner & Jeremy Shada), 1
Wrap Me In Plastic - Marcus Layton Radio Edit, 9
All The Small Things, 3
Hot Stuff, 4
NOW, 1
Graveyard, 1
Money, 1
Heaven On My Mind (with Sigala), 2
West Ten, 1
Tick Tock (feat. 24kGoldn), 6
Say My Name, 21
Wrecking Ball, 4
The Greatest (feat. Kendrick Lamar), 9
Free Fallin' - Live at the Nokia Theatre, Los Angeles, CA - December 2007, 7
We Will Rock You - Remastered, 3
Maps, 1
Last Christmas, 3
Latch, 2
Californication, 1
Weak, 2
FEFE, 2
Taste (feat. Offset), 1
Strip That Down (feat. Quavo), 1
Ain't No Mountain High Enough, 1
Hymn for the Weekend, 1
Sweater Weather, 2
Chasing Cars, 3
It Wasn't Me, 1
DNA., 1
The Monster, 3
Treasure, 2
Hold On, We're Going Home, 2
All Star, 1
Déjala Que Vuelva (feat. Manuel Turizo), 1
Get Lucky (feat. Pharrell Williams & Nile Rodgers) - Radio Edit, 3
Come As You Are, 1
LOVE. FEAT. ZACARI., 2
Vaina Loca, 2
Me & I, 1
Space Drugs, 1
Hate Me (with Juice WRLD), 2
Ayy Macarena, 1
Roses (with Juice WRLD feat. Brendon Urie), 1
Ain't A Thing (feat. Bonn), 1
Adventure of a Lifetime, 4
Winds of Change, 2
Wasted Time, 2
Mess Is Mine, 2
Who Am I, 1
Hope, 215
Under My Thumb, 1
It's Only Rock'n'Roll (But I Like It) - Remastered 2009, 1
Fortunate Son, 2
You're That Spider Guy, 1
Opening Titles, 2
Cornfield Chase, 7
Solomon, 2
The Wheat, 1
Elysium, 1
Gortoz A Ran, 1
Sacrifice, 4
Reunion, 1
comethru, 16
Call You Mine, 26
All Night, 1
Make It Right (feat. Lauv), 1
Halu, 2
No Lie, 2
Rock And Roll Part II, 5
Done for Me (feat. Kehlani), 1
Suffer, 1
Fly Away, 6
Wonder, 36
Signed, Sealed, Delivered (I'm Yours), 1
Umbrella, 1
달라달라 (DALLA DALLA), 1
Your Soul, 1
Don’t Doubt ur Vibe, 1
Paul Rudd of Ant Man Fame giving away Tesla Model 3, 2
Welcome to the Musk News Pod, 1
Space Bound, 1
NASA, 1
#11 - World Government Summit, 3
#10 - Standford eCorner, 4
Lovers on the Sun (feat. Sam Martin), 1
Desi Kalakaar, 1
Shot Me Down (feat. Skylar Grey) - Radio Edit, 3
You Make Me, 1
wish you were gay, 1
Sunflower, Vol. 6, 17
I Love Me, 9
Sexy Dirty Love, 1
Head & Heart (feat. MNEK) - Jack Back Remix, 1
Pour the Milk, 31
Burning, 1
Unfamiliar, 47
It Goes Lyke, 1
I Don't Wanna Know, 7
Girls Need Love, 1
18, 1
Best 4 U, 1
Payphone, 2
#9 - Joe Rogan Experience: 1169, 4
Tattooed Heart, 1
raindrops (an angel cried), 1
Don’t Call Me Angel (Charlie’s Angels) (with Miley Cyrus & Lana Del Rey), 1
The A Team, 2
Cheap Thrills (feat. Sean Paul), 13
Strangers, 12
Blood In The Cut, 1
Lalala - Oliver Heldens Remix, 1
Go Dumb (feat. blackbear, The Kid LAROI and Bankrol Hayden), 1
Who Do You Love, 9
New Thang, 1
Crew Love, 1
Coming Over (feat. James Hersey), 70
This Feeling, 11
Somebody, 16
Somebody - Ruhde Remix, 7
Somebody - T-Mass Remix, 20
Somebody - Riggi & Piros Remix, 75
Kill Em With Kindness - Acoustic, 1
Sick Boy, 9
Love Will Tear Us Apart - 2020 Remaster, 1
Beach House, 2
Side Effects, 11
You Owe Me, 1
Everybody Hates Me, 3
Siren, 21
Save Yourself, 4
Back to You (feat. Bebe Rexha & Digital Farm Animals), 1
My High, 12
Selene, 2
I Miss You (feat. Julia Michaels), 2
Coming Over, 1
Percaya Aku, 2
Cry Baby, 1
To Ü (feat. AlunaGeorge), 8
SpaceX to test Starlink satellite internet network with boats it uses to land rockets, 2
Elon Musk Interview About Neuralink and AI, 1
Elon Musk's SpaceX - Upcoming Starlink Launches, Starship and Crew Dragon News, 1
Beautiful Now, 1
Where Have You Been, 1
Where Are Ü Now (with Justin Bieber) - Kaskade Remix, 1
hot girl bummer (with Khea) - Khea Remix, 4
Hot Girl Summer (feat. Nicki Minaj & Ty Dolla $ign), 1
My Side, 1
Paris Morton Music, 1
Can I, 1
damn Right Pt. 2, 4
Redbone, 3
Relación - Remix, 1
Pigalle, 1
SouthSide (feat. Eptic), 1
Frequency 75, 1
Ocho Cinco, 1
Quiet Storm (with Zomboy), 1
When The Lights Go Down, 1
Enzo (with Sheck Wes, feat. Offset, 21 Savage & Gucci Mane), 1
Oh Me Oh My, 1
Smile (feat. Bryson Tiller), 1
4 Life, 1
Cash Machine (Remix) [feat. Dillon Francis & grandson], 2
Heroes (we could be), 1
ZEZE (feat. Travis Scott & Offset), 2
Breaking Down the Season Finale of ‘Watchmen’ | The Watch, 1
The Top 10 TV Shows of the Decade | The Watch, 3
Fire Drill, 1
Mama, 1
Where Are Ü Now (with Justin Bieber) - Marshmello Remix, 3
Just the Way You Are, 1
You should be sad, 1
Infinity, 2
#14 - Recode Decode Nov 2018, 5
#13 - Sway, 2
Let It Go - From "Frozen"/Soundtrack Version, 3
Underdog, 2
Tiptoe, 12
positions, 14
Forever After All, 2
Better Together, 1
Miss YOU!, 7
Die Very Rough, 11
Cat Girls Are Ruining My Life!, 2
Drip Like ME, 11
HIT EM WHERE IT HURTS, 3
Whoopty, 7
Deep End, 30
Never Satisfied, 2
White Tee, 2
E-GIRLS ARE RUINING MY LIFE!, 9
Michelle, 1
forget me too (feat. Halsey), 1
Coconut Mall (From "Mario Kart Wii"), 1
Papi Chulo, 2
You Got It, 1
Goosebumps, 69
Gone Too Soon, 5
Coochie Land, 1
Perfecta en Mis Ojos, 1
Sofia, 38
She, 1
Sign of the Times, 2
Tough Guy, 1
Demons and Monsters, 77
Cabin Fever, 1
ANIMA, 1
夜に駆ける, 8
CHILDAYS, 2
きらきら, 2
#15 - 2020 Mars Society Event, 3
Levitating (feat. DaBaby), 11
Dreams - 2004 Remaster, 1
24 (feat. Lil Baby), 1
Tyler Herro, 1
Holy (feat. Chance The Rapper), 35
Lunchbox Friends, 4
I'll Be Okay, 1
Fishy on Me - Remix, 1
All Around Me, 3
Forever (feat. Post Malone & Clever), 1
Bored in the House, 1
I Put a Spell on You (In the Style of Hocus Pocus), 3
White Tee - Alternate Bass Boosted Version, 1
Pull Up, 1
Time Warp, 1
Halloween Theme - Main Title, 1
Touch You, 3
I Put a Spell On You, 1
Burn, 3
Life Of The Party, 2
Monster Mash, 5
Spooky, Scary Skeletons - Undead Tombstone Remix, 1
The Purple People Eater, 1
Make A Wish (Birthday Song), 1
Allergic, 4
Spicy (feat. Post Malone), 2
Wow. - Remix, 6
Wow. - Instrumental, 105
Trap Thos Wows, 1
Rich & Sad, 5
Go Flex, 6
Better, 11
Be Like That - feat. Swae Lee & Khalid, 4
Bad Luck, 1
My Bad, 1
Ho Hey, 2
Stronger, 5
Au Revoir, 1
Mercy, 1
Set Fire to the Rain, 1
Intro, 8
#12 - Neil deGrasse Tyson Interviews Elon Musk, 1
#16 -  Lex Fridman: Nov 2019, 1
#15 - Caltech 2012 Commencement Speech, 1
#1 - Debate with Jack Ma in Shanghai, 3
Next To Me, 5
I Don’t Know Why, 2
Yesterday, 1
Walking The Wire, 4
Start Over, 2
Round And Round, 1
The River, 1
Hear Me, 1
Nothing Left To Say / Rocks - Medley, 1
Every Night, 1
Bleeding Out, 1
My Fault, 1
Never Seen The Rain, 1
Bad Child, 1
DÁKITI, 7
What You Know Bout Love, 3
GATTI, 1
Mirchi, 1
Naach Meri Rani, 1
BurjKhalifa (From "Laxmii"), 1
Teri Aankhon Mein, 1
Let Me Down Slowly, 31
Water Fountain, 1
Gdzie jest biały węgorz ? (Zejście), 2
Problemas, 1
Mungkin Hari Ini Esok Atau Nanti, 2
ALIEN, 1
Future, 1
Producer Man, 4
You’re Mines Still (feat. Drake), 1
Huyu Suyu, 1
Canceled, 1
A92 x Fumez The Engineer - Plugged In Freestyle, 1
Find Myself, 1
Podcast.__init__ - Introduction, 1
Episode 1: Hello World, 2
unravel, 68
Unravel (From "Tokyo Ghoul"), 5
unravel (acoustic version) - Acoustic Version, 14
Unravel (Full Version), 1
Tokyo Drift (Fast & Furious) - From "The Fast And The Furious: Tokyo Drift" Soundtrack, 1
無能, 2
asphyxia, 3
katharsis (TV edit) - TV Edit, 1
聖者たち, 36
HALF, 3
How Long, 3
Pretty Girl, 1
Of Lacking Spectacle, 30
Que Calor (feat. J Balvin & El Alfa), 2
ALREADY, 1
Oh My Gawd (feat. Nicki Minaj & K4mo), 1
Lay Your Head On Me (feat. Marcus Mumford), 1
Make It Hot, 1
Can't Take It From Me (feat. Skip Marley), 1
Let Me Live (feat. Anne-Marie & Mr Eazi), 1
Fire (Spotie) [feat. Busy Signal] [Major Lazer Remix], 1
Loko, 1
Tip Pon It, 1
Particula, 1
Unforgettable (feat. Swae Lee) - Major Lazer Remix, 1
Miss You (with Major Lazer & Tory Lanez), 1
Lean On - J Balvin & Farruko Remix, 1
Know No Better, 1
En La Cara - Sua Cara Remix, 1
Watch Out For This (Bumaye), 1
Fix You, 1
No Promises (feat. Demi Lovato), 5
Familiar, 21
Red Virgin Soil, 31
It's Happening Again, 1
10,000 Hours, 2
I Had No One, 2
I'm Sorry, 1
The Blue Whale, 1
The Secret History, 1
Legends Never Die, 1
You Came to Party, 1
Walk, 1
Unravel (Tokyo Ghoul OP), 3
Bang Your Head - Naeleck & KATFYR Remix, 4
Saint-Tropez, 15
INTRO, 1
The Next Episode, 4
Iris, 1
Somebody To Love - Remastered 2011, 2
Another One Bites The Dust - Remastered 2011, 2
From Me To You - Mono / Remastered, 1
Rockin' Around The Christmas Tree, 1
HOLIDAY, 3
Our Little Secret, 23
Similan, 2
Ocean, 1
My Head & My Heart, 1
Adelaide, 5
Shape of You - Instrumental Version, 1
Shape Of You (Originally Performed By Ed Sheeran) - Acoustic Guitar Karaoke, 1
Shape of You (Instrumental Version), 1
Shape Of You (Lower Key of Bm) [Originally Performed By Ed Sheeran] - Acoustic Guitar Karaoke, 1
Shape Of You (Lower Key of Am) [Originally Performed By Ed Sheeran] - Acoustic Guitar Karaoke, 1
Shape Of You / Gulabi Aankhen - Carpool Mashup, 1
Cross Me (feat. Chance the Rapper & PnB Rock), 45
Take Me Back to London (feat. Stormzy), 3
Glorious (feat. Skylar Grey), 1
Lonely (with benny blanco), 23
Antisocial (with Travis Scott), 6
Remember The Name (feat. Eminem & 50 Cent), 14
Feels (feat. Young Thug & J Hus), 1
Put It All on Me (feat. Ella Mai), 1
Nothing On You (feat. Paulo Londra & Dave), 1
1000 Nights (feat. Meek Mill & A Boogie Wit da Hoodie), 1
Castle on the Hill - Recorded at Spotify Studios New York City, 1
Know Yourself, 1
I Need Your Love (feat. Ellie Goulding), 5
Shots - Broiler Remix, 3
Moves Like Jagger - Studio Recording From The Voice Performance, 1
Call Me a Spaceman - Radio Edit, 1
Hate Me, 2
Sunset Lover, 1
Out Of Love, 1
I'm Like A Bird - Recorded at Spotify Studios NYC, 1
Call Me Joker, 10
Joker, 1
Lai Lai Lai, 1
That's Life, 10
Meeting Bruce Wayne, 5
Bathroom Dance, 36
Defeated Clown, 15
Spanish Flea, 3
Bridge Of Death, 1
Arthur Comes to Sophie, 4
Birting, 1
Scarps of Dreams, 1
The Moon Is a Silver Dollar - Remastered, 1
Sinfonietta, 1
The Dream of Flying Away Birds, 1
Le cinquième péché, 2
The Theory of Everything, 1
On The Nature Of Daylight, 4
Flight From The City, 1
Following Sophie, 8
Elevation, 1
Once Upon a Time in America, 3
Internet, 4
Paranoid, 7
On The Road (feat. Meek Mill & Lil Baby), 6
8TEEN, 1
Saturday Nights, 3
Dirndl Weed, 1
Jenny, 1
Mayonaka no Door / Stay With Me, 6
Travesuras, 1
Amor ou o Litrão, 1
Space Girl, 5
Dancing in My Room, 3
Kusura Bakma, 1
Adderall (Corvette Corvette), 1
Rät, 3
Therefore I Am, 3
Line Without a Hook, 2
LA NOCHE DE ANOCHE, 1
34+35, 3
Monster (Shawn Mendes & Justin Bieber), 9
YO VISTO ASÍ, 1
Santa Tell Me, 1
It's Beginning to Look a Lot like Christmas, 2
Mistletoe, 2
Chica Ideal, 1
LA DROGA, 1
Galactic Flows, 2
Inside Out, 3
NiBiRU (Planet X) [feat. Youp], 1
Call Me If You Need Me, 1
Underneath the Tree, 1
Gotta Smoke, 1
Hurts So Good, 2
It's Ok If You Forget Me, 1
Someone To You, 2
Deep End - SIDEPIECE Remix, 28
No Time For Tears, 2
Lovefool (feat. Pia Mia), 2
Astronomia - Never Go Home, 1
Paradise (feat. Dermot Kennedy), 4
Anything, 8
Post Malone (feat. RANI) - GATTÜSO Remix, 1
Body - Dzeko Remix, 12
Good Dope, 1
Stand By You, 2
Renegade, 1
ily (i love you baby) (ARTY Remix) [feat. Emilee], 3
Don't Worry (feat. Aloe Blacc), 4
What Are We Waiting For?, 9
All Night Long, 4
Really Love (feat. Craig David & Digital Farm Animals), 3
Forget the Money, 1
Love Of My Life, 1
Here With Me (feat. Nevve), 2
We Found Home (feat. Kwesi), 4
July - FRND Remix, 3
Broken Ones (with Anna Clendening) [Last Heroes Remix], 1
I Care - Intro, 2
In Your Arms (with X Ambassadors), 2
Hard To Say Goodbye (feat. Chloe Angelides), 1
Paper Thin, 9
I Keep Calling, 2
Turn Back Time, 2
Haiti, 2
Like Gold, 1
I Got You, 1
Innadadance (feat. Suli Breaks & Jazzie B), 1
Like A Prayer, 1
Lose Lose , 2
Radiolab Presents: On the Media: Busted, America's Poverty Myths , 1
Stranger in Paradise , 1
Radiolab Presents: Ponzi Supernova , 1
Update: CRISPR , 4
Shots Fired: Part 1 , 1
Shots Fired: Part 2 , 1
Nukes , 1
Threnody, 2
When the Party's Over, 1
The Door, 1
Everlong, 1
Good Night, Day, 1
Nothing It Can, 1
The Departure, 1
Path 17 (before the ending of daylight) - Pt. 2, 1
I Need to Know, 1
Main Title (From Game Of Thrones: Season 8), 2
Game of Thrones Medley, 6
Clarity, 3
Hark! The Herald Angels Sing, 2
Waltz, 2
Take Flight, 2
Shadows, 2
Beyond The Veil, 1
Crystallize, 1
Benedictus, 1
With Or Without You, 7
Clocks (feat. Lang Lang), 1
The Trooper (Overture), 1
Real Life, 2
Birds (feat. Elisa), 11
Cha-Ching (Till We Grow Older), 2
Zero - From the Original Motion Picture "Ralph Breaks The Internet", 5
Machine, 1
Only, 3
Burn Out, 4
West Coast, 1
I’m So Sorry, 2
Believer (feat. Lil Wayne), 5
Mannish Boy, 1
I Can't Stand The Rain, 1
The King of Wishful Thinking, 1
Tir Ha mor, 1
Born in 77, 1
#18 - Inc. Magazine, 4
The Umbrella Academy - Main Theme, 1
Saturday Night, 1
This Year's Love, 1
Hold On, I'm Comin', 2
Hazy Shade of Winter (feat. Ray Toro), 1
Rocket Fuel (feat. De La Soul), 1
Run Boy Run, 1
Everybody (Backstreet's Back) - Extended Version, 2
All My Heroes - Radio Edit, 1
Polk Salad Annie, 2
Won't Be Long - As heard in the Netflix series The Umbrella Academy, 2
Wicked Games (feat. Anna Naklab) - Radio Edit, 1
Kill Of The Night, 1
Twistin' the Night Away, 2
Here Comes the End (feat. Judith Hill), 1
The Order Of Death - 2011 - Remaster, 1
Pepper, 1
Wicked Games, 4
Golden Brown, 1
Major Tom - Coming Home, 1
Free Will, 1
Right Back Where We Started From, 1
Blood Like Lemonade, 1
Feel Something (feat. Duncan Laurence), 7
The Answer (featuring Arthur Baker & Victor Simonelli), 1
Spa, 3
Nothing For Free, 1
skate depot, 1
Apricots, 1
Envious, 4
i miss u (with Au/Ra), 2
Some Say - Felix Jaehn Remix, 1
All 4 Love (feat. Tasty Lopez), 2
All On Me (feat. Zhu), 1
LUCID, 1
Too Many Nights (with JC Stewart), 7
The Feelings, 1
Rain On Me - Purple Disco Machine Remix - Edit, 1
Miss You, 1
Pump It Up, 2
Blue, 17
Slow Down (feat. Jorja Smith) - Vintage Culture & Slow Motion Remix, 1
Move, 1
Round & Round, 1
Sing For You, 1
Ontas (Te Pago El Uber), 9
Electricity (feat. Dua Lipa) - MK Remix, 1
Castles In The Sky, 1
Dare Me, 1
This Groove, 1
Enough Of You, 1
You Know You Like It - Tchami Remix, 1
Dream On Me - Roger Sanchez Remix, 1
Gentle Rain Sounds - Loopable With No Fade, 1
Hand Covers Bruise, 7
In Motion, 13
A Familiar Taste, 20
Peaceful Sounds, 1
It Catches up With You, 1
Intriguing Possibilities, 10
Painted Sun in Abstract, 9
3:14 Every Night, 11
Pieces Form the Whole, 10
Carbon Prevails, 8
Eventually We Find Our Way, 9
Penetration, 2
In the Hall of the Mountain King, 5
On We March, 6
Magnetic, 8
1.0_1-hellofriend.wav, 2
1.0_2-oneincontrol.aiff, 1
Almost Home, 1
1.0_4-m0rphine.aac, 1
1.0_3-fucksociety.mp3, 6
1.0_5-pierreloti.au, 1
1.0_7-waitfortheQ.ogg, 2
1.0_6-leavem3here.flac, 5
3.0_1-one2blame.orc, 1
1.0_8-whatsyourask.m4p, 6
3.0_2-parallel-universe.psy, 10
3.0_5-eye0nme.mux, 2
3.0_4-initiat3slowd0wn.dts, 11
3.0_3-black0ut.dmf, 1
shutdown -r, 1
1.9_6-nothingisreal.ra, 6
2.4_2-m4ster-s1ave.msv, 1
2.0_6-madame3xecutioner.oga, 1
3.3_7-urthegod.mod, 1
3.7_1-dont-delete-me.rx2, 1
2.7_2-this1sourstop.dss, 13
405.7 Ziptie Door, 2
3.5_2-wheelbarrow.red, 1
3.5_3-loc4tion-burnt.m2, 8
3.5_5-connectionrefused.ub, 5
2.9_3-woman0ftime.m4b, 1
3.5_1-alittlepush.ktp, 1
3.5_4-no-stalemate.gpx, 10
3.6_1-n0-family.mux, 1
3.5_8-w3-did-it.sib, 1
3.5_6-kill-process.rip, 5
3.5_9-point-of-failure.ang, 1
3.5_7-stopthe4ttack.box, 9
3.4_4-ri0t.mogg, 1
3.4_5-internal-4udit-team.usf, 1
New Brave, 1
Fist of God, 1
If You Go Away, 1
Dance Hall Days, 1
Symphony No. 7 Op. 92: II. Allegretto (Beethoven), 1
Sound & Color, 1
I Don't Want to Miss a Thing - From "Armageddon" Soundtrack, 1
Start a Riot, 1
Save The Day (feat. Coi Leray & LouGotCash), 1
Hide (feat. Seezyn), 2
Let Go, 2
Goodbye, 19
&burn (with Vince Staples), 1
Wishing Well (feat. Lucy Tops), 1
If I Could Turn Back Time, 1
In The Woods Somewhere, 1
Cinema - Skrillex Remix, 1
On A Theme, 72
Pressure (feat. Starkillers & Alex Kenji) (Alesso UK Radio Edit), 1
One (Your Name), 8
Thinking About You (feat. Ayah Marar), 1
Good Intentions, 7
Candyman, 2
Like Home - Radio Edit, 3
Innerbloom - What So Not Remix, 12
The Island, Pt. I (Dawn), 1
Mr. Saxobeat - Radio Edit, 1
Alone Tonight - Above & Beyond Extended Club Mix, 1
Blah Blah Blah, 8
Pursuit Of Happiness - Extended Steve Aoki Remix (Explicit), 2
Big Lie, 4
Hollywood's Bleeding, 9
Die For Me (feat. Future & Halsey), 7
Enemies (feat. DaBaby), 9
A Thousand Bad Times, 5
I Know, 4
Over Now, 3
I'm Gonna Be, 3
Ball For Me (feat. Nicki Minaj), 3
Staring At The Sun (feat. SZA), 3
No Option, 4
Home To You, 1
Don't Kill My Vibe, 2
Devil Town, 1
belong, 1
001 Introduction, 1
002 What is AI / ML, 2
003 Inspiration, 4
004 Algorithms - Intuition, 4
005 Linear Regression, 1
006 Certificates & Degrees, 1
007 Logistic Regression, 5
Roses (feat. ROZES), 15
Good Intentions (feat. BullySongs), 3
Push (feat. Andrew Wyatt) - The Chainsmokers Radio Mix, 2
Don't Say, 6
The One, 2
The Rookie, 2
Young, 4
Zack And Codeine, 3
Bake a Cake, 1
Stupid Cupid, 1
Afterglow, 6
Who We Are, 1
Love, 3
Birds, 1
Warriors, 5
I Bet My Life, 1
Bullet In A Gun, 1
Roots, 1
Stuck, 2
Bad Liar – Stripped, 7
Monster, 2
Release, 2
Thunder / Young Dumb & Broke (with Khalid) - Medley, 1
willow, 52
Sensitive, 1
Shut up My Moms Calling, 1
WITHOUT YOU, 6
Under the Tree, 1
Mystery Lady (feat. Don Toliver), 2
Mrs Magic, 1
She Got That, 1
Somebody’s Problem, 2
Wellerman, 24
Camp Fire (Ball Out), 1
Jenny (I Wanna Ruin Our Friendship), 1
I'm in Love With an E-Girl, 2
you were good to me, 1
Lovesick Girls, 1
Bet You Wanna, 3
Lose, 1
Kill This Love, 3
Houstatlantavegas, 1
All Me, 1
Indian Science – The Colonial Legacy, 1
Elementary Particles and The forces of nature, 1
425- Mini-Stories: Volume 9, 2
According to Need coming December 1, 1
Trends, events and predictions for 2019 - Physics World Weekly Podcast, 2
DeepMind: The Podcast - trailer, 1
AI and Neuroscience: The virtuous circle, 1
 Go to Zero, 2
Life is like a game, 2
AI, Robot, 2
Out of the lab, 3
AI for everyone, 1
Hold On (feat. Cheat Codes) - 2020 Edit, 4
Going Out Of My Way, 1
Ruin, 1
Fairytale, 3
Sonata For Piano And Violin In E Minor, K.304: 2. Tempo di minuetto, 1
Partite sopra diverse sonate: Toccata, 1
Mendelssohn: Violin Concerto in E Minor Op. 64: I. Allegro molto appassionato, 1
S.T.A.Y., 3
Lieder ohne Worte (Songs without Words), Book 2, Op. 30: No. 7 in E-Flat Major, Op. 30, No. 1, 1
Sky Is the Limit, 1
He's a Pirate - From "Pirates of the Caribbean: The Curse Of the Black Pearl", 4
The Avengers, 9
The Imitation Game, 15
Star Trek Main Theme, 30
Hey Mando!, 9
Star Wars (Main Theme), 1
Fanfare and Prologue, 1
The Mandalorian, 47
Bemidji, MN (Fargo Series Main Theme), 1
The Umbrella Academy, 11
Survivor List, 1
No Time for Emotion, 1
Nemo Egg (Main Title) - From "Finding Nemo", 3
Superman Returns - Main Titles, 15
Formula 1 Theme, 1
RAINY NIGHT IN TALLINN, 32
WINDMILLS, 1
Is She With You?, 19
Themyscira, 6
Runnin (feat. A$AP Rocky & Jacob Banks), 1
A Friend, 1
The Sorcerer, 1
Main Titles - Why Are We Here, 1
Star Trek Picard Main Title, 1
Mission: Impossible Theme, 5
Life And Death, 1
Ratatouille Main Theme, 6
Here Comes Elastigirl - Elastigirl's Theme, 2
The Master of the Mystic End Credits, 1
Theme (from "Spider Man") [Original Television Series], 6
Crossing the Marigold Bridge, 6
Jyn Erso & Hope Suite, 2
Granny Get Your Gun, 2
London Calling, 1
Bridge and Love's Burning, 2
The Glory Days (from "The Incredibles") - From "The Incredibles" / Score, 4
Into the Unknown, 2
It's All Right, 1
Spirit, 1
Subway, 1
Flight, 1
Why so Serious?, 1
The Lagoon, 1
Chevaliers De Sangreal - From The Da Vinci Code Original Motion Picture Soundtrack, 4
Mombasa, 1
Now We Are Free, 10
Blade Runner, 7
All Is Fair in Love and Brostep, 1
Alive, 29
Mesmerize, 1
Hearts on Fire, 2
cheers (with Wiz Khalifa), 2
Easy (with Kacey Musgraves feat. Mark Ronson), 1
r u ok, 1
Stay Next To Me (with Chelsea Cutler), 1
long story short, 3
willow - dancing witch version (Elvira remix), 2
the 1, 2
willow - lonely witch version, 1
Love Story, 1
champagne problems, 11
evermore (feat. Bon Iver), 4
24 Hours, 1
Higher, 1
Let It Snow! Let It Snow! Let It Snow! (with The B. Swanson Quartet), 1
I Put A Spell On You, 2
Guns of Navarone, 1
The Job, 6
The Blue Planet, 1
Seven Worlds One Planet Suite, 2
cardigan - cabin in candlelight version, 1
What Do I Know?, 1
Evelyn, 1
gold rush, 4
no body, no crime (feat. HAIM), 1
Main Title, 1
Main Titles from the HBO Miniseries Band of Brothers - Instrumental, 1
Hope (Xavier's Theme), 1
Arrival to Earth, 1
First Class, 1
Kingdoms, 1
Spaceships, 1
Golden Pineapple, 1
Used To Love (with Dean Lewis), 2
Million Years ago, 3
Roll in Peace (feat. XXXTENTACION), 5
Hawái - Remix, 1
Nothing Compares - Bonus Track, 1
Missed You - Bonus Track, 1
YuNg BrAtZ, 1
Look At Me!, 2
Falling Down - Bonus Track, 2
Again (feat. XXXTENTACION), 1
Gospel, 1
I Don't Wanna Do This Anymore, 1
the remedy for a broken heart (why am I so in love), 7
NI BIEN NI MAL, 1
Blanco, 1
Behind Barz - Bonus, 1
Devuelveme, 1
Que Tire Pa Lante, 1
Por Ley, 1
Robbery, 1
Make It Right, 1
South Park Theme, 2
O' Holy Night (Erik Cartman), 1
Mr. Hankey the Christmas Poo, 1
Se Te Nota (with Guaynaa), 1
A Way of Life, 1
Oogway Ascends, 1
Cello Suite No. 1 in G Major, BWV 1007: I. Prélude, 3
2021, 1
Surfing Dolphins, 1
Game Over, 3
Like I Do, 1
Planet Earth II Suite, 1
The Christmas Song (Shawn Mendes & Camila Cabello), 1
#22 - GIGA 5G Pioneers, 3
My City Sleeps, 1
Conspiracies, 1
#8 - 2018 Discussing Tesla, Space X, and New AI Technologies, 1
#7 - SXSW 2018, 1
#6 - Conversation with Todd Howard E3 Coliseum 2019 Panel, 1
#5 - 2018 Interview, 1
True Detective Theme, 43
Ben 10 - Main Theme - Epic Version, 1
Ben 10 Omniverse - Theme - Epic Version, 1
Theme from "The Avengers", 1
Theme from "Jurassic Park", 1
Pokémon Theme, 1
James Bond Theme (From Dr. No), 7
SpongeBob SquarePants Theme Song, 1
Gonna Fly Now - Theme From "Rocky", 1
Driving With the Top Down, 1
Marvel Studios Fanfare - From "Thor: The Dark World"/Score, 1
It's Been A Long, Long Time, 1
Iron Man 3, 2
Shoot to Thrill, 1
Can You Dig It (Iron Man 3 Main Titles), 2
Thor: The Dark World - From "Thor: The Dark World"/Score, 6
Vacation, 1
Spider-Man Loves You, 15
The Justice League Theme - Logos, 1
Theme from Supergirl, 1
Five Years, 1
Come Together, 2
Jessica Jones Main Title, 1
Thor: Ragnarok, 6
What Heroes Do, 3
The James Bond Theme, 2
The Death Star and the Stormtroopers - From "Star Wars: A New Hope", 1
Black holes: What it is in final state?, 1
Organic Food, 1
Woody Allen, 1
Space , 1
Dispatch 4: Six Feet , 1
Nothing's Gonna Stop Us Now, 1
The Island - Steve Angello, AN21, Max Vangeli Remix, 3
Payback, 3
Greyhound, 11
Beam Me Up - Radio Edit, 2
SATRN, 2
Save The World, 2
Promises - Skrillex & Nero Remix, 2
If I Lose Myself - Alesso vs OneRepublic, 1
Resurrection - Axwell's Recut Club Version, 2
Line Of Sight (feat. WYNNE & Mansionair), 1
Say My Name (feat. Zyra), 1
2U (feat. Justin Bieber), 4
Million Voices - Radio Edit, 2
Move For me, 2
Step Into My Shoes, 2
Epic, 5
Cola, 5
Always, 1
Turn It Down feat. Rebecca & Fiona, 3
One Whole Day (feat. Wiz Khalifa), 1
Pretty Little Angel Eyes, 8
One Fine Day, 1
Chantilly Lace, 2
He's So Fine - Remastered 2000, 1
There Goes My Baby, 5
A Teenager In Love, 1
You've Really Got A Hold On Me, 1
Let It Be Me, 3
When, 1
No One Escapes, 1
Ragnarok Suite, 1
Immigrant Song - Remaster, 3
Bad (feat. Vassy) - Radio Edit, 32
This Is What It Feels Like, 1
Kick Out The Epic Motherf**ker, 2
Say It - Illenium Remix, 2
Miami 2 Ibiza - Radio Edit, 2
Losing It, 8
Play Hard - Radio Edit, 3
Dear Boy - Avicii By Avicii, 2
Sun & Moon, 2
In My Mind (feat. Georgi Kay) - Axwell Radio Edit, 2
The Veldt - Radio Edit, 1
Shelter, 1
Rapture - Avicii New Generation Mix, 3
Lost in You, 2
Easy - Radio Edit, 2
Heads Will Roll - A-Trak Remix, 1
Sad Machine, 2
Last To Leave (feat. Caroline Ailin), 1
Stay The Night - Featuring Hayley Williams Of Paramore, 1
Sappho Blend - Pavel Khvaleev Remix, 4
Reload - Radio Edit, 4
I Remember, 2
By My Side, 1
On A Good Day - Above & Beyond Radio Edit, 1
Silhouettes - Original Radio Edit, 1
City Of Dreams - Radio Edit, 1
You & Me (feat. W. Darling), 1
Internet Friends, 2
Booo (featuring Seiwuh), 2
Spaceman, 1
Thinking Bout U, 1
Cold, 2
Rosyln, 1
Fire In The Water, 4
BERMUDA TRIANGLE, 1
Ten Feet Tall, 1
Sun Models (feat. Madelyn Grant), 1
Legacy - Radio Edit, 1
Red Lights, 1
You're Gonna Love Again, 2
Sweet Nothing (feat. Florence Welch), 1
Overthinker, 29
Apollo - Radio Edit, 2
Is It Just Me? (feat. Charlie Puth), 16
Older, 3
Titanium (feat. Sia) - Alesso Remix, 1
Upside Down (feat. Charlie Puth), 4
Something Big, 1
Calling (Lose My Mind) - Radio Edit, 1
Five Hours, 1
The Prince, 1
Echoes, 1
Scary Monsters and Nice Sprites, 1
My Feelings For You - Radio Edit, 1
Under Control (feat. Hurts), 1
Lonely Together (feat. Rita Ora), 4
Peanut Butter Jelly, 1
So Close, 1
Rescue Me, 1
Woman Like Me (feat. Nicki Minaj), 1
We Don't Care, 2
Post Malone (feat. RANI), 2
Mereen, 5
Game of Thrones - Theme for Stringquartet, 6
Bounden Duty, 1
Spectrum, 1
Take You Higher - Radio Edit, 1
Is It Just Me?, 3
Visionaries (feat. Novet), 1
#19 - TED 2017, 1
#17 - Vanity Fair New Establishment Summit, 3
Phaedra, 1
Halvmåne, 4
SYSK Selects: What Was the Deal With the Hatfields and McCoys?, 1
How Fair is Banking? with Professor Mehrsa Baradaran, 1
Short Stuff: Silverfish, 2
The Science of Cute, 2
Theremins: World's First Electronic Music, 1
Coronavirus: More Scared or Less Scared?, 1
What your sleep patterns say about your relationship | TEDx SHORTS, 1
Episode #31 - Answering Your Questions! (10k Q&A), 1
The best of physics in books, TV and film in 2020, 2
How capable are today’s quantum computers?, 2
Without Me - ILLENIUM Remix, 1
Mountains, 1
Inside Out (feat. Griff), 1
Tinted Eyes (feat. blackbear & 24kGoldn), 1
Arcade, 2
Most Girls, 1
virgo, 1
Middle Of The Night, 1
Midnight (feat. Liam Payne), 1
WOW, 1
Love To Go, 1
Are You Bored Yet? (feat. Clairo), 1
The Reaper, 29
See The Way, 20
P.S. I Hope You're Happy, 18
Push My Luck, 11
For the Damaged Coda, 25
Don't Look Back (feat. Kotomi & Ryan Elder) [From Rick and Morty: Season 4], 5
Goodbye Moonmen, 10
Get Schwifty (C-131), 10
Rick and Morty Theme, 6
Snake Jazz (feat. Ryan Elder) [From Rick and Morty: Season 4], 5
Goosebumps - Remix, 64
Fire (feat. Elderbrook) - KAIOS Remix, 4
Fever - Myd Remix, 3
The Midnight Sky, 1
Aether Spaceship, 1
Last Day Alive, 4
Orochimarus Theme, 3
Orochimaru-Fight, 3
Orochimaru, 2
Loneliness Theme, 1
happiness, 2
Sasukes Theme, 1
34+35 Remix (feat. Doja Cat, Megan Thee Stallion) - Remix, 2
Lo Vas A Olvidar (with ROSALÍA), 1
It Won't Kill Ya, 1
Do You Mean, 8
Wake Up Alone, 1
Let You Go - Radio Edit, 1
New York City, 2
My Type, 2
Break Up Every Night, 2
Kills You Slowly, 7
Hadal Ahbek, 37
I Am (feat. Flo Milli), 2
Violent, 2
drivers license, 6
Good Days, 5
Paparazzi, 2
One Of A Kind, 1
Santiana, 1
Your New Boyfriend, 3
play w/ me, 2
Leave Her Johnny, 1
Astronaut In The Ocean, 5
Mmmh, 2
Beat Box 2, 1
Reminder, 1
Party Monster, 1
Irgendwie, irgendwo, irgendwann (Special 12" Dance Mix), 1
Utopia, 1
Mine Right Now, 1
You (with Marshmello & Vance Joy), 5
Don’t Feel Like Crying, 1
Anyone, 4
As Long As You Love Me, 1
Beauty And A Beat, 1
Never Say Never, 1
Friends (with BloodPop®), 1
Company, 2
Somebody To Love, 1
We Belong, 4
I Don't Know Why, 3
Lighter (feat. KSI), 3
Blueberry Eyes (feat. SUGA of BTS), 3
All Night (feat. Ally Brooke), 1
if we never met (feat. Kelsea Ballerini), 2
Costa Rica (feat. The Kid LAROI) - Remix, 2
Letters, 1
Rise Up (feat. Vamero), 3
Someone, 2
Suicidal (Remix) [feat. Juice WRLD], 2
Wet (She Got That…), 2
Fingertips, 1
Coffee (feat. Marc E. Bassy), 2
Past Life, 1
Hey Boy, 2
Easier - Seeb Remix, 1
Hard On Yourself, 1
Azul, 1
Reality Check, 1
Sometimes, 1
Baby, I'm Jealous (feat. Doja Cat), 1
Her, 1
Deadpool Rap - X-Force Remix (from "Deadpool 2"), 1
Welcome to the Party (feat. Zhavia Ward), 1
Midnight Hour with Boys Noize & Ty Dolla $ign, 1
Monsters (feat. blackbear), 1
I Do, 4
Superstar, 1
Bitter, 1
Take Care of You, 1
Before U, 1
Higher (feat. iann dior), 4
Sakura's Season, 1
Kaikai Kitan (From "Jujutsu Kaisen"), 3
Silvertongue, 1
99.9, 1
Refrain Boy, 1
Memosepia, 1
99, 2
MobPsycho100%, 1
Scrawny, 1
Mob Psycho 100 - Explosion of Mob Feelings - Remix, 2
JoJo's Bizarre Adventure - Golden Wind (Giorno's Theme) [Remix], 1
Love I’m Given - Calm Remix, 1
Sunshine (The Light), 4
Bıraktım Şaşırmayı, 5
Antes, 1
Spa - James Hype Remix, 1
Close to You (feat. PollyAnna), 1
Raise Em Up (2Step Remix), 1
Baila Conmigo (with Rauw Alejandro), 3
Theme of "Weathering With You", 14
Saving Hina, 11
K&A Welcoming Ceremony, 4
Shiba Ko-En, 9
Snow in Midsummer, 4
Hodaka Escapes / Kid's Plot, 25
Is There Still Anything That Love Can Do?, 12
Rain Again, 12
First Visit to K&A, 11
Eternity Above Clouds, 4
City Crisis, 32
Sky Clearing Up, 11
Two Confessions, 3
We'll Be Alright (Movie Edit), 26
Shrine of Weather, 5
Overthinker - CloZee Remix, 2
Bike Chasing, 4
Clear Sky and Loss, 4
Sea in the Sky, 3
Running With Hina, 4
Grand Escape (Movie Edit) [feat. Toko Miura], 5
Time With Family, 3
The Taste of Kindness, 6
Welcome to Senpikan, 3
Voice of Wind (Movie Edit), 7
Visiting Home, 3
First Part Time Job As Sunshine Girl, 3
Celebration (Movie Edit) [feat. Toko Miura], 2
Fireworks Festival, 3
Power of the Weather, 20
Hina, Fading Away, 2
Is There Still Anything That Love Can Do? (Movie Edit), 10
Sparkle - movie ver., 3
Dream lantern, 1
School road, 1
Itomori high school, 1
First view of tokyo, 1
Cafe at last, 1
Theme of Ms. Okudera, 1
Unusual changes of two, 1
Zenzenzense - movie ver., 3
Goshintai, 1
Date, 1
Autumn festival, 1
Evoking memories, 1
Visit to Hida, 1
Disappeared town, 1
Library, 1
The night inn, 1
Nandemonaiya - movie ver., 3
Twilight Bliss Sleep Music, 1
The Sunday Read: 'The Many Lives of Steven Yeun', 2
What's up with WhatsApp? (Ep. 138), 1
BONUS: Our Boxes, Ourselves, 1
#234 — The Divided Mind, 1
Leaderless Consensus, 1
#27 - Code Conference 2016, 1
Beat Box, 1
Chemicals, 1
Can u hear me, 1
Lonely (with benny blanco) - Acoustic, 1
Around, 2
Safe With Me (with Audrey Mika), 1
Channel 43 - Radio Edit, 1
Wellerman - Sea Shanty / 220 KID x Billen Ted Remix, 16
Mad World, 4
Somebody New, 1
Time (feat. Rhye), 1
A Hilly Town, 9
A Hilly Town (From "Whisper of the Heart") [Piano Version], 1
Take Me Home, Country Roads (Theme Song), 5
Take Me Home, Country Roads, 2
Take Me Home, Country Roads - Violin Version, 3
Speak Better English with Harry | Episode 259, 1
What are young developers into?  They're all getting AWS certified, 1
Beach House - Ashworth Remix, 3
This Feeling - Afrojack & Disto Remix, 3
This Feeling - Tom Staar Remix, 3
Save Yourself - NGHTMRE VIP REMIX, 3
Somebody - Naderi Remix, 1
Everybody Hates Me - Justin Caruso Remix, 4
Honest - Tritonal Remix, 7
008 Math, 1
009 Deep Learning, 2
Honest - Lifelike Remix, 14
The a Team (Arr. for Guitar), 2
Pressure (feat. Tove Lo), 78
Yes It Is - Remastered 2009, 1
Baby's In Black - Remastered 2009, 1
Yellow Submarine - Remastered 2009, 1
For You Blue - Remastered 2009, 1
Real Groove (Studio 2054 Remix), 2
Old Brown Shoe - Remastered 2009, 1
Lucy In The Sky With Diamonds - Remix, 1
Otherside, 3
Split (Only U), 4
The Bones - with Hozier, 2
季節は次々死んでいく, 2
katharsis, 4
ニムロッド, 1
Arrival, 3
Sapir-­Whorf, 2
Principle Of Least Time, 1
Heptapod B, 12
Ori, Lost In the Storm (feat. Aeralie Brighton), 4
Enter Hallownest, 3
Dirtmouth, 2
Crossroads, 1
City of Tears, 2
False Knight, 2
Greenpath, 3
Hornet, 5
Reflection, 2
Mantis Lords, 1
Dung Defender, 1
Crystal Peak, 2
Gabriel's Oboe, 1
Raising the Sail, 1
Day One, 3
Lemon, 1
Into the Unknown - Panic! At The Disco Version, 1
We Got Love, 1
Fly Me To The Moon, 6
Fly Me to the Moon, 5
Hold My Girl, 3
Beginning Middle End - From The Netflix Film "To All The Boys: Always and Forever", 3
Run For Your Money, 2
Dream Girl, 3
Eat Them Apples, 3
On Fire Again - From The Netflix Film "To All The Boys: Always and Forever", 1
Won't Let Go, 1
If The World Ended Tonight - From The Netflix Film "To All The Boys: Always and Forever", 1
Until We Leave the Ground, 1
A Materials World, 1
Facebook's Supreme Court , 1
More Money Less Problems , 2
Space Cadet (feat. Gunna), 1
Space Melody (Edward Artemyev) (feat. Leony), 2
Play, 1
Okinimesumama, 2
Back to the Oldskool, 4
Born Confused, 2
This Is War, 3
Hopeless Romantic (feat. Swae Lee), 1
Instagram, 1
I Can't Fall in Love Without You, 1
Stay with Me, 2
Put A Little Love On Me, 1
Hey Ma (with Pitbull & J Balvin feat. Camila Cabello), 1
Say Less, 4
Paradise (feat. Benjamin Ingrosso), 1
Jennie (feat. R. City, Bori), 2
Powerful, 1
I Don't Love You, 1
Naked, 1
Your Love (9PM), 5
Big (feat. Gunna), 3
You've Done Enough, 1
Friday (feat. Mufasa & Hypeman) - Dopamine Re-Edit, 10
I'm not Pretty, 2
BEBÉ, 1
So Pretty, 2
Dangerous, 1
Cry Baby (feat. DaBaby), 1
Va Va Vroom Vroom - Remix, 2
Just the Two of Us (feat. Bill Withers), 1
IDWK, 1
SugarCrash!, 3
Calling My Phones, 1
Best Friend (feat. Doja Cat), 1
Astronaut In the Ocean, 2
ROLLIN N CONTROLLIN FREESTYLE, 1
Do A Bitch, 1
Track Star, 2
Save Your Tears, 2
Back In Blood (feat. Lil Durk), 4
Pierre, 1
Streets, 1
Mi Trokita Cumbia, 1
Rolando (Caught In The Rain), 1
Beat Box 2 (feat. Pooh Shiesty), 1
this is how you fall in love, 1
Jealous, 1
Found It in You, 1
Breakable, 1
Close To You, 1
Greek Tragedy - Oliver Nelson TikTok Remix, 1
Gordon Ramsay, 1
Hawkins Lab, 2
No Me Conoce - Remix, 1
Spoil My Night (feat. Swae Lee), 2
92 Explorer, 2
Too Young, 2
Takin' Shots, 2
Money Made Me Do It, 2
Same Bitches (feat. G-Eazy & YG), 2
Feeling Whitney, 4
Sugar Wraith, 2
Patient, 2
Blame It On Me, 2
What Other People Say, 2
We're Good, 9
Reality, 2
For Now, 1
Celebration (feat. Toko Miura), 1
Voice of Wind, 2
Grand Escape (feat. Toko Miura), 1
We'll Be Alright, 3
Nandemonaiya - movie edit., 6
長い間, 1
サンキュ., 1
Pretender, 10
Kaikai Kitan (Jujutsu Kaisen), 1
Kaikai Kitan, 39
Take Me Home Country Roads, 15
Xanadu, 1
Bundle of Joy, 1
Concrete Road, 20
YELLOW, 5
quiet room -self cover, 4
Compared Child, 4
第4回　虎杖＆釘崎 編 「ねえ、虎杖見て見て！」, 1
Doublet, 5
If I Could Ride a Bike, 1
Engelszimmer, 1
A Confession, 1
Breeze Blowing on the Hilltop, 2
Taking the Train, 3
Stand by Me, 1
Stand By Me, 1
Kaikai Kitan - Lofi Remix, 1
Violin Tuning, 2
惑星, 1
Sand In My Boots, 1
Introduction (instructions), 4
Calling My Phone, 2
The Business, 1
Wellerman - Sea Shanty, 9
Famima Rap, 2
うっせぇわ, 9
امبابه خط احمر, 1
Demente (feat. Guaynaa), 2
Tokyo, 4
ドライフラワー, 5
怪物, 2
群青, 2
炎, 3
虹, 1
勿忘, 2
Stand by me, Stand by you., 1
Boom Boom Pow, 8
Eenie Meenie, 2
The Time (Dirty Bit), 1
TiK ToK, 2
Fake A Smile, 3
I Can't Stop Drinking About You - Chainsmokers Remix, 1
Pra te Machucar (feat. ÀTTØØXXÁ and Suku Ward), 1
shut up, 1
Omae Wa Mou, 2
balloon, 6
Rêverie, L. 68, 2
Sicilienne (Arr. by Söllscher), 1
May it Be, 4
Pirates of the Caribbean, 1
棄てるなどして, 1
打上花火, 1
点描の唄, 1
Signal, 1
Snare Liftoff - I Want To Be One Of The Greats, 4
Whiplash, 3
Fletcher's Song In Club, 2
Caravan, 5
What's Your Name - If You Want The Part, Earn It, 3
Practicing, 3
Call From Dad, 1
Invited, 2
Accident, 2
Sharingan Sasuke Theme Trap, 3
Look What You Made Me Do, 3
Begin Again, 1
Gorgeous, 1
Living Proof, 1
Cry for Me, 1
Crying in the Club, 1
Find U Again (feat. Camila Cabello), 1
Lego House (Arr. for Guitar), 1
Fireworks, 3
Last Summer, 1
Bruk It Down (feat. TxTHEWAY), 1
Sad Songs (feat. L Devine), 1
HEAT, 1
Overture - From "Whiplash", 4
Too Hip To Retire, 2
Mia & Sebastian’s Theme, 2
Epilogue, 4
E3 - Attack on Titan S2 - Armoured and Colossal Titan Reveal, Beast Titan, Historia and Ymir and more!, 1
The Song of Baron, 1
Daydream, 5
Pavane, Op. 50, 5
God Yu Tekem Laef Blong Mi, 3
3 Gnossiennes: No. 3, 6
Mr. Sandman, 7
3 Gymnopedies: No. 3. Lent et grave, 4
Gymnopédies: No. 3: Lent et grave, 1
Calm Before the Storm, 1
Je te veux, 3
Bellini: Norma, Act 1 Scene 4: No. 4b, Aria, "Casta diva" (Norma, Chorus), 3
Into Each Life Some Rain Must Fall - Single Version, 1
Where Is My Mind? - Remastered, 14
Undercover, 4
For Your Precious Love, 3
If We Fall, 1
Nervous (From 'Naruto'), 1
ilomilo - Live From The Film - Billie Eilish: The World’s A Little Blurry, 2
99 Luftballons, 2
Only Wanna Be With You - Pokémon 25 Version, 3
Walls Could Talk, 1
telepatía, 3
ALONE, PART 3, 2
The Explanation, 2
Love Story (Taylor’s Version), 1
Hey Mama (feat. Nicki Minaj, Bebe Rexha & Afrojack), 2
Lead the Way, 4
BED, 5
Dawn, 1
The Teenage Violin Maker, 2
Why does India have a Ministry of Culture?, 1
Why do Inter-State Check Posts Exist?, 1
Sitting Cross-Legged Science Or Superstition?, 1
Yuugure no Tori - TV Size, 52
ALIVE, 13
Guren no Yumiya, 1
Jiyuu no Tsubasa, 1
Shoukei to Shikabane no Michi, 1
Red Swan, 1
Shinzo wo Sasageyo!, 1
Akatsuki no Requiem (TV Size), 1
Name of Love, 1
Resolution, 1
Sadness and Sorrow (From 'Naruto'), 1
Fighting Spirit (From 'Naruto'), 1
Afternoon of Konoha (From 'Naruto'), 1
Turn Over (From 'Naruto'), 1
Spin and Burst (From 'Boruto Naruto the Movie'), 1
Strong and Strike (From 'Naruto'), 1
Evening (From 'Naruto'), 1
Hinata Vs Neji (From 'Naruto'), 1
Morning, 1
Grief and Sorrow (From 'Naruto'), 1
Fake (From 'Naruto'), 1
シルエット, 2
ホタルノヒカリ, 1
ブルーバード, 2
カラノココロ, 1
Girei (Pain's Theme) - from Naruto, 1
Loneliness (From 'Naruto: Shippuden'), 1
newsong(第231話〜第256話), 1
Man of the World (From "Naruto Shippuuden") [Orchestra], 1
Samidare [from Naruto Shippuuden], 1
Hero's Come Back!!(第1話〜第30話), 2
DISTANCE, 1
You Can Be a Hero, 1
Diver, 1
ラヴァーズ, 1
CLOSER(第78話〜第102話), 1
Sign, 2
透明だった世界, 1
Tequila - Jax Jones & Martin Solveig Present Europa, 1
No Chill (feat. Lil Xxel), 2
No Therapy, 1
This Is Real (ft. Ella Henderson), 1
Nights Like This, 2
Gucci Shoes, 1
My favorite things, 1
Truth or Dare, 1
Admire the Moon, 2
Моя голова винтом (My head is spinning like a screw), 63
Selfish Love (with Selena Gomez), 1
Beautiful Mistakes (feat. Megan Thee Stallion), 3
Diplomatico (feat. Guaynaa), 1
Real Groove (feat. Dua Lipa) (Studio 2054 Initial Talk Remix), 1
The Business, Pt. II - Clean Bandit Remix, 1
Poème for Violin and Orchestra, Op. 25, 1
Insomnia Line , 1
Deception , 1
Bringing Gamma Back, Again , 1
Translation , 1
Invisible Allies , 1
Lead the Way - From "Raya and the Last Dragon", 2
Prologue, 4
Deja Vu, 1
newsong, 1
Voice Rituals - 1, 1
Hakujitsu - 10 years version, 2
BoJack's Theme, 29
Truce, 1
世界が終わる夜に, 2
witchblades, 1
All I Want, 1
What's Your Name, 3
Holla Out (feat. Snails & Taranchyla), 1
One Shot, 1
Where Are You, 1
Just Hold On, 3
I Love My Friends, 2
Be Okay (with HRVY), 3
Three Gymnopédies (1888): Gymnopédie No. 3, 1
Chernobyl, 23
My Life Is Going On - Música Original De La Serie De TV La Casa De Papel / Money Heist, 8
A Quiet Life, 3
Genius, 2
Who You Really Are, 2
No Time for Caution, 4
Follow You, 4
Hold On, 2
i can't breathe, 3
I Can't Breathe, 2
The Internet Said So | Ep. 1 - The Boys Are Back, 1
If You Have Guts, 1
1. A Fully Middle Podcast, 1
Are you ready to make friends?, 3
Listen Tokyo Ghoul - Unravel | One of the best Anime Theme Songs/Opening | The Anime Podcast, 2
Dragon Ball Super: 5 forms We haven't seen yet but could soon | The Anime Podcast, 1
Will Naruto Truly Die in Boruto? Why Naruto is The Greatest Anime of All Time. The Anime Podcast EP1, 1
Will Ferrell, 1
What’s Next, 3
I'm Upset, 1
SAD (8D Audio), 6
Smells Like Drill Spirit (Freestyle), 1
Blame (Tim Gunter Remix), 2
Pran, 1
Free Falling, 3
Ain't No Sunshine, 4
Let You Go, 4
Coño (feat. Jhorrmountain x Adje), 1
Lion Heart, 1
Can You Hear My Heart (feat. LEE HI), 3
Backyard Boy (with Jeremy Zucker), 7
Enjoy Enjaami, 1
To the Bone, 5
Sometimes (Backwood), 3
Baby My Phone, 12
CHICKEN TENDIES, 2
Bad Boy, 1
Creep (mint Singles), 1
Devil Eyes, 1
Ghost - Acoustic, 1
Back in the 90's, 26
WHEN THE DEVIL CRIES, 2
Used To Be (feat. Wiz Khalifa), 2
Jadi Buti (feat. Rashmeet Kaur) - Nucleya VIP Remix, 1
2 Much, 5
On The Ground, 1
SO DONE, 1
Hadal Ahbek (Slowed TikTok Remix), 1
GIRL LIKE ME, 1
Cup of Coffee, 6
Like I Love You - The Him Remix, 2
Convenience Store, 1
Like I Love You, 4
Fading, 1
J'ai perdu mon corps, 2
I Lost Myself, 1
I Lost You, 2
Flow, 2
Bet You Wanna (Feat. Cardi B), 1
Let Me Love You - Marshmello Remix, 1
A Car, A Torch, A Death, 1
Bloodstream, 2
Going Dumb, 3
Love Again (feat. Alida), 1
Going Dumb (with Stray Kids), 1
What If (I Told You I Like You), 1
Nicotine, 1
Close To Me (with Diplo) (feat. Swae Lee), 1
365, 6
Hold On (with Georgia Ku), 1
Take You Down, 1
All Together (with OEKIIN), 1
That’s Why (with GOLDN), 1
Blood (with Foy Vance), 1
Broken Ones (with Anna Clendening), 1
I Want Love (with Two Feet), 1
Leave A Little Love, 1
Recap (with VanJess & Channel Tres), 1
Peaches (feat. Daniel Caesar & Giveon), 1
Leave The Door Open, 1
第9回　ゲスト内田雄馬さん「さすがバランサー」編, 1
Boku no Sensou, 1
Dramaturgy, 2
Inochi No Tabekata, 1
Heikousen, 2
This Is Heaven, 2
I Wanted To Die Alone, 1
Orlando, 1
Ayala (Outro), 1
going down!, 1
Human Music, 2
Rick and Morty Score Medley, 2
Tales from the Citadel, 2
Raised Up (C-131), 3
The Flu Hatin' Rap, 3
African Dream Pop, 1
Jerry's Rick, 1
Losing a Friend (feat. Ryan Elder) [From Rick and Morty: Season 4], 1
Unity Says Goodbye, 1
The Rick Dance, 3
The Small Intestine Song, 2
Foots, 1
Signed, Sealed, Delivered I'm Yours - Live, 1
Nocturnal Me, 2
Sunglasses At Night, 1
Dreams, 1
Soarin, 1
hate u love u, 2
Stand Up (From Harriet), 1
Tomboy, 1
Rollin', 1
Preta do Cabelo Cacheado, 1
Alare, 1
Tu Shayar Banaagi, 1
At My Worst, 2
VIBIE`s Bollywood Lofi Mix, 1
Saibo (Lofi Flip), 1
Lut Gaye, 1
Anubhabi Hiya, 1
Минимум - Ramzan Abitov Remix, 9
Минимум, 1
Annabelle, 2
BESTSELLER, 1
ТЫ ГОРИШЬ КАК ОГОНЬ, 1
FAMILY, 1
Франция, 1
Голодный пёс [prod. by Pretty Scream], 1
Skamming Shit, 1
Синий Lamborghini, 1
Pesetas, 1
Dark Side, 2
All Along the Watchtower, 1
Whole Lotta Love - 1990 Remaster, 1
Paint It, Black - Mono, 1
Heat Waves (with iann dior), 1
Positions, 1
Bye Bye Blackbird - Remastered, 11
You Left My Heart Tonight, 1
Red Right Hand (Peaky Blinders Theme) (Flood Remix) - Peaky Blinders Theme;Flood Remix, 5
I Think I Smell a Rat, 1
St. James Infirmary Blues, 1
Birmingham, 1
Loverman - 2011 Remaster, 3
Martha's Dream, 2
Gun Barrel - From ''No Time To Die'' Soundtrack, 1
Television, 1
Dona Nobis Pacem 2, 1
Lady Grinning Soul - Strange Weather EP, 1
Beat the Devil's Tattoo, 1
Meet Ze Monsta, 1
Safe And Sound, 1
Bad Things (with Camila Cabello), 1
Call Out My Name, 1
Bitter Sweet Symphony, 1
The Real Slim Shady, 1
The Dark Night of the Soul, 1
Enjoy Every Minute, 2
Immigrant Song: Karen o With Trent Reznor, 3
DOOMSDAY PREPPER, 2
THE BRICK, 1
Bad To The Bone, 2
bad to the bone, 2
Johnny B. Goode, 1
The Portrait, 2
Colonel Bogey - From Bridge Over the River Kwai, 1
Blue Monday '88 - 2015 Remaster, 1
Stand up for Something (feat. Common), 2
Ti amo, 1
Gravity, 1
The Shape Of Water, 40
Chase, 1
You'll Never Know, 5
THE PLAN, 1
First Crossing, 1
Main Title - From "A Little Romance", 1
Husavik (My Hometown), 2
When A Cowboy Trades His Spurs For Wings, 1
Overture - From "The Hateful Eight" Soundtrack, 6
Don't Let Go, 2
Mr. Moustafa, 13
Chariots Of Fire - Edit, 1
The Milagro Beanfield War: Theme - From "The Milagro Beanfield War", 2
La Javanaise, 1
The Creature, 4
Rainy Day, 1
He's Coming For You, 1
Pi's Lullaby, 2
Waltz for Peppy - From "The Artist", 2
Homestead - From "The Good Dinosaur" Score, 1
Far From Home / E.T. Alone - Soundtrack Reissue (2002), 1
Chores - From "The Good Dinosaur" Score, 2
Make Your Mark - From "The Good Dinosaur" Score, 2
Hello Arlo - From "The Good Dinosaur" Score, 1
Fireflies - From "The Good Dinosaur" Score, 1
Critter Problem - From "The Good Dinosaur" Score, 2
You're Me and More - From "The Good Dinosaur" Score, 1
Arlo Makes His Mark - From "The Good Dinosaur" Score, 2
Storm Chasers - From "The Good Dinosaur" Score, 1
I'm Never Getting Home - From "The Good Dinosaur" Score, 1
Lost in the Wild - From "The Good Dinosaur" Score, 1
Arlo's Vision - From "The Good Dinosaur" Score, 1
Over the Falls - From "The Good Dinosaur" Score, 1
Orphans - From "The Good Dinosaur" Score, 1
Rescue - From "The Good Dinosaur" Score, 1
Goodbye Spot - From "The Good Dinosaur" Score, 1
Statues, 6
Courtyard Apocalypse, 3
Alan Turing's Legacy, 5
Mr. Fox in the Fields, 2
The Danish Girl, 3
Laurie and Jo on the Hill, 3
Elisa's Theme, 23
Obliviate, 2
Harry and Ginny, 2
A New Beginning, 2
The King's Speech, 2
The Beach, 2
River Waltz, 2
Farewell to Dobby, 1
The Resurrection Stone, 1
Little Women, 2
New Moon (The Meadow), 1
Statues (Epic Version), 1
Suite from Forrest Gump, 1
The Real Hero, 1
Welcome to Jurassic World, 1
Main on End, 1
The Day After Tomorrow, 1
Bells, Books and Candles, 1
Canto At Gabelmeister's Peak, 3
Little Fluffy Clouds - 7" Edit, 1
Elegy For Dunkirk, 2
Tom Jones: Overture, 1
Atonement, 1
Deportation/Iguazu, 1
The Wings, 1
Spy Meeting, 1
Watching Ruth, 1
Yeah, People Are Gonna Die, Which Is Terrible, but Like...Inevitable?, 2
Let Me Out, 1
Fight For You - From the Original Motion Picture "Judas and the Black Messiah", 1
Remember Me (Dúo), 1
Hear My Voice, 1
Io sì (Seen) [From The Life Ahead (La vita davanti a sé)], 1
Lost Stars, 1
How Far I'll Go, 1
I See the Light - From "Tangled" / Soundtrack Version, 1
The Moon Song - Film Version, 1
Down To Earth, 2
Into the West, 1
Our Town, 1
Father and Daughter, 2
If I Didn't Have You, 1
LA CANCIÓN, 1
Water Under the Bridge, 1
Lady Bird, 1
Domestic Pressures, 1
The Night Café, 1
Stab Him in The Throat, 1
